关键词,岗位名称,真实月薪,工作地区,工作经验,学历要求
"mysql
数据库
数据分析
linux
css
redis
js
数据建模
python
五险一金
年终奖金
股票期权",Python,13000,大连,3-4年,本科
"地理信息系统
评估报告
交通运输
决策树
效果验证
算法评估
路径规划算法
决策算法
五险一金",Python,14300,上海,3-4年,本科
"sqlserver
项目开发
编码
spark
postgresql
设计文档
nlp
部署系统
单元自测
python开发
五险一金
绩效奖金
定期体检
周末双休
带薪年假",Python工程师,19500,上海,2年,本科
"建模
ai
机器学习
数据清洗
nlp
保险场景
Python
五险一金
年终奖金
做五休二",机器学习算法工程师-NLP+Python,23400,上海,5-7年,本科
"Odoo
python编程
五险一金
节日福利",Python高级开发工程师,19500,深圳,5-7年,本科
"软件开发
软件工程师
Java
Python
五险一金
定期体检",Java/Python高级软件开发工程师,23400,上海,3-4年,本科
"计算机
电子
自动化
通信
网络
软件工程
数学
后端开发
python语言
五险一金
餐饮补贴",Python开发实习工程师,5200,重庆,无需经验,本科
"mysql
oracle
数据库
数据分析
机器学习
hive
nlp
建模
ai
保险
五险一金
年终奖金
做五休二",Python 开发- nlp,26000,上海,5-7年,本科
"五险一金
定期体检
员工旅游
餐饮补贴",Python开发工程师,18200,深圳,3-4年,本科
"五险一金
交通补贴
餐饮补贴
通讯补贴
年终奖金
绩效奖金
股票期权",Python开发工程师,13000,北京,2年,本科
"爬虫
ChatGPT
爬虫策略
机器学习
mysql数据库
多线程开发
互联网
电商平台
五险一金
餐饮补贴
周末双休",Python工程师,19500,南京,3-4年,本科
"python
数据库
django
flask
sql
odoo
http
五险一金
年终奖金",Python开发工程师,13000,武汉,3-4年,本科
"python
数据库
linux
nosql
五险一金
绩效奖金
交通补贴
餐饮补贴
定期体检
包住",Python软件工程师,15600,佛山,3-4年,本科
"c++
web
数据结构
设计模式
多线程
计算机软件
vscode
项目
开发工具
人机交互
五险一金
餐饮补贴
年终奖金",Python开发工程师,9100,中山,3-4年,本科
"mysql
oracle
http
关系型数据库
websocket
b/s架构
python开发
基金行业
桌面运维
餐饮补贴
节日福利
周末双休
地铁周边
五险一金
员工旅游
绩效奖金
年终奖金
定期体检",Python开发工程师,32500,北京,3-4年,本科
,Python全栈工程师,13000,广东,3-4年,大专
"通讯补贴
餐饮补贴
交通补贴",Python开发工程师,19500,深圳,10年以上,本科
"java
数据库
linux
c++
mysql数据库
shell
数学
多线程
编程语言
机器学习
周末双休
专业培训
五险一金
员工旅游
年终奖金",Python软件开发工程师,13000,广州,2年,本科
"深度学习
python
机器学习算法
五险一金
节假福利
双休",Python（机器学习）,19500,上海,5-7年,大专
"python
五险一金
绩效奖金
年终奖金
带薪年假
全勤奖
节日福利
餐饮补贴
股票期权
领导很好
经常团建",Python开发工程师,26000,上海,5-7年,本科
"python
编码规范
数据整理
数据结构
性能调优
算法设计
模型集成
五险一金
补充医疗保险
年终奖金
定期体检
出国机会
员工旅游
专业培训
通讯补贴
餐饮补贴
交通补贴",Python开发工程师（中级/高级）,16900,西安,2年,本科
"python开发
django
mysql
五险一金
周末双休
交通补贴
餐饮补贴",Python工程师,19500,深圳,3-4年,本科
"计算机
linux
c++
数据结构
设计模式
docker
多线程
技术交流
性能调优
算法
五险一金
员工旅游
定期体检
大牛带队
节日礼物
休闲零时
气氛好
领导好
发展空间大",Python开发工程师,19500,西安,3-4年,本科
"python
软件开发
软件工程师
五险一金
员工旅游
餐饮补贴
年终奖金
定期体检",Python开发工程师,13000,上海,2年,本科
,Python开发工程师,13000,上海,2年,本科
"五险一金
员工旅游
餐饮补贴
年终奖金
定期体检",中级Python工程师,13000,北京,3-4年,本科
"计算机
mysql
测试
redis
开发
c++
设计模式
数学
postgresql
django
五险一金
餐饮补贴
定期体检
专业培训
绩效奖金",Python,15600,南京,3-4年,大专
"mysql
数据库
需求分析
redis
sql
数据结构
关系型数据库
编程语言
建模
算法
五险一金
员工旅游
专业培训
绩效奖金
年终奖金
定期体检
餐饮补贴",Python开发资深工程师,26000,深圳,3-4年,硕士
"计算机
mysql
oracle
linux
redis
编程
shell
关系型数据库
web前端开发
postgresql
五险一金
年终奖金
绩效奖金
周末双休
带薪年假
定期体检
交通补贴",Python开发工程师,13000,珠海,3-4年,本科
"员工旅游
餐饮补贴
专业培训
出国机会
绩效奖金
年终奖金
股票期权
全勤奖
五险一金",Python 软件工程师,26000,深圳,3-4年,本科
"python
编码规范
数据整理
数据结构
性能调优
算法设计
模型集成
五险一金
补充医疗保险
年终奖金
定期体检
出国机会
员工旅游
专业培训
通讯补贴
餐饮补贴
交通补贴",Python开发工程师（中级/高级）,16900,深圳,2年,本科
"python
爬虫
软件开发
大数据
Mysql
redis
nosql
免费班车
员工旅游
年终奖金
定期体检
周末双休
带薪年假
五险一金",Python开发工程师,10400,珠海,3-4年,本科
"数据分析
python
系统架构
模块
产品模块设计
软件开发
函数
五险一金
绩效奖金
通讯补贴
五险一金足额
高固薪保障
月初发薪
周末双休
节假日休息",Python软件工程师,14300,上海,3-4年,本科
"mysql
数据库
产品开发
redis
linux
http
系统开发
网络安全
django
ip协议
五险一金
交通补贴
餐饮补贴
通讯补贴
绩效奖金
股票期权
弹性工作
免费班车",Python开发工程师,14300,上海,2年,本科
"python
算法
精准营销
数据敏感
人工智能算法
五险一金
绩效奖金
餐饮补贴
高温补贴
节日福利
专业培训
员工旅游
定期体检",Python算法工程师(J10200),21666,宁波,3-4年,本科
"python
软件开发
软件工程师
开发工程师
django
mySQL
pandas
numpy
五险一金
年终奖金
绩效奖金
周末双休
带薪年假
定期体检
交通补贴",Python开发工程师,13000,珠海,3-4年,本科
"人工智能
机器人
django
python编程
研发
发展前景
领导很nice
五险一金
绩效奖金",Python开发工程师,6500,广州,2年,大专
"五险一金
餐饮补贴
绩效奖金
年终奖金
弹性工作
定期体检
通讯补贴",python爬虫工程师,19500,上海,5-7年,本科
"python
rpa
自动化测试
robot
五险一金
专业培训
年终奖金",Python工程师,13000,广州,3-4年,本科
"英语
软件
matlab
可靠性测试
硬件
定期体检
员工旅游
专业培训
年终奖金
弹性工作
六险一金
绩效奖金",高级Python工程师,32500,上海,8-9年,大专
"计算机
电子
linux
开发
编程
嵌入式
功能维护
3d打印行业
软件调测
python多线程
员工旅游
专业培训
绩效奖金
年终奖金
股票期权
五险
五险一金",Python工程师,19500,苏州,3-4年,本科
"五险一金
免费班车
年终奖金
定期体检",Python后台开发工程师,19500,深圳,3-4年,本科
"python
五险一金
定期体检
年终奖金
免费班车
员工旅游",Python软件开发工程师,19500,上海,5-7年,本科
"mysql
测试
编程
人工智能
python自动化
数据库管理
绩效奖金
年终奖金
员工旅游
定期体检",Python开发(J11013),13000,上海,3-4年,本科
"软件
matlab
可靠性测试
英语口语
定期体检
员工旅游
专业培训
年终奖金
弹性工作
六险一金
绩效奖金",Python工程师,26000,深圳,3-4年,大专
Python,Technology-Python开发工程师,13000,广州,3-4年,本科
"爬虫
大数据
数据库
数据分析
python
五险一金
定期体检
员工旅游
年终奖金
专业培训
周末双休
带薪年假
全勤奖
节日福利
绩效奖金",Python开发工程师,13000,宁波,2年,本科
"补充医疗保险
定期体检
七险一金
带薪年假
带薪病假
免费健身",Python数据工程师-13435,19500,上海,2年,本科
"计算机
linux
开发
数学
docker
多线程
ai
分布式
人工智能
周末双休
五险一金
补充医疗保险
绩效奖金
年终奖金
定期体检
员工旅游
通讯补贴
餐饮补贴
交通补贴",Python开发工程师,15600,苏州,3-4年,本科
"数据库
css
html
javascript
测试用例
git
数据库设计
单元测试
docker
django
弹性工作
扁平化管理
五险一金
餐饮补贴
绩效奖金
年终奖金
免费零食饮料
周末双休
朝九晚六",Python开发工程师,13000,无锡,3-4年,本科
,Python,19500,上海,2年,大专
"python
软件工程师
五险一金
定期体检
公司旅游
绩效奖金
员工旅游
年终奖金",Python软件开发工程师,19500,上海,2年,本科
"python
爬虫
软件开发
软件工程师
电商
弹性工作
五险一金
绩效奖金
节日福利
专业培训
年终奖金
周末双休",Python爬虫工程师,13000,武汉,3-4年,本科
"python
数据库
脏数据处理
单病种
计算机软件
医学
医疗信息化
django
餐饮补贴
弹性工作
专业培训
员工旅游
五险一金
绩效奖金",Python开发工程师,26000,上海,5-7年,本科
"计算机
linux
五险一金",Python工程师,13000,广州,3-4年,本科
"pytest
pyqt
python
五险一金
年终奖金
计件考核
多干多得
定期体检",Python工程师,13000,西安,3-4年,本科
"计算机
电子
linux
开发
编程
嵌入式
功能维护
3d打印行业
软件调测
python多线程
员工旅游
专业培训
绩效奖金
年终奖金
股票期权
五险
五险一金",Python,19500,成都,3-4年,大专
"ftp
sftp
api
numpy
pandas
matplotlib
orm
linux
sql
数据库
五险一金
餐饮补贴
补充医疗保险
定期体检
绩效奖金
企业年金
取暖补贴
免费健身房
防暑降温补贴",Python 开发工程师,19500,北京,2年,本科
"后端开发
五险一金
年终奖金
绩效奖金
专业培训
员工旅游",Python开发工程师,16900,深圳,3-4年,本科
五险一金,python研发工程师（25-30万）,27083,宁波,3-4年,本科
"计算机
软件开发
自动化测试
接口开发
ai模型
Python
五险一金
双休",Python-AI模型部署,18200,上海,3-4年,本科
"五险一金
定期体检
年终奖金
周末双休
绩效奖金
带薪年假
节假日福利
提供食宿
高温补贴
结婚生子福利",软件开发工程师（python）,19500,杭州,2年,本科
"mysql
数据库
linux
c++
软件开发
windows
shell
Tornado
flask
pyqt5
五险一金
员工旅游
交通补贴
专业培训
绩效奖金
年终奖金
弹性工作",python开发,10400,西安,5-7年,本科
"2d
python编程
pyqt
qt
python
五险一金
补充医疗保险",Python,13000,武汉,2年,本科
"mysql
数据库
linux
数据结构
django
pandas
celery
查询
hana
python
五险一金
绩效奖金
年终奖金",Python,15600,上海,2年,本科
"计算机
编程
数学
ai
编程语言
算法
电信运营商
机器深度学习
数据处理
自然语言处理
五险一金
交通补贴
餐饮补贴
专业培训
通讯补贴",大模型（Python）开发工程师,19500,成都,3-4年,本科
"ai
深度学习
tensorflow
训练
深度学习框架
机器学习算法
数据处理
pytorch
数据标注
python
五险一金
年终奖金
员工旅游
弹性工作",Python开发工程师,19500,杭州,2年,本科
"matlab
python
matplotlib
pandas
seaborn
五险一金
餐饮补贴
免费班车
绩效奖金
年终奖金",Python开发,14300,苏州,2年,本科
"linux
深度学习
开源框架
五险一金
员工旅游
年终奖金
定期体检
带薪年假
周末双休
专业培训
节日福利",python算法工程师（龙岗）,13000,深圳,3-4年,大专
"计算机
mysql
oracle
数据库
linux
半导体
运维
docker
etl
adc
五险一金
交通补贴
餐饮补贴
通讯补贴",Python开发工程师,19500,深圳,5-7年,本科
"linux
git
单元测试
ai
机器学习
深度学习
django
计算机科学
flask
机器学习算法
五险一金
双休
员工旅游",Python工程师（双休）,13000,广州,2年,本科
"计算机
软件工程
英语听说读写
测试数据
电池
算法实现
测试调试
自动化处理
python
五险一金
补充医疗保险
交通补贴
定期体检
年终奖金",Python开发工程师,14300,深圳,3-4年,本科
"python
数据处理
年终奖金
培训
五险一金
带薪年假",Python开发工程师,13000,深圳,2年,本科
"pandas
numpy
flask
后端开发
mysql数据库
金融
五险一金",Python后端开发工程师,14300,上海,3-4年,本科
"python库
python
餐饮补贴
绩效奖金
五险一金
补充医疗保险
股票期权",AI人工智能开发工程师（python),23400,北京,3-4年,本科
"计算机
linux
git
单元测试
ai
机器学习
深度学习
django
flask
机器学习算法
五险一金
员工旅游
年终奖金
定期体检
免费班车
补充公积金
补充医疗保险
交通补贴",Python工程师,13000,广州,3-4年,大专
"python
餐饮补贴
五险一金",Python开发工程师,10400,淮安,3-4年,本科
"python
五险一金
交通补贴
通讯补贴",Python后台开发工程师,11700,深圳,2年,大专
"python库
python
软件工程
餐饮补贴
绩效奖金
五险一金
补充医疗保险
股票期权",AI人工智能开发工程师（Python）,19500,武汉,3-4年,本科
"网络
产品开发
操作系统
编程语言
负载均衡
golang
开源组件
产品落地
网络产品
运维开发
五险一金
餐饮补贴
专业培训
年终奖金
定期体检
包住
项目奖金
员工旅游
周末双休",Python开发工程师,15600,深圳,3-4年,本科
"计算机
mysql
编码习惯
代码
性能分析
编程习惯
rocksdb
设计质量
python
五险一金
餐饮补贴
弹性工作
年终奖金",Python高级开发工程师,26000,上海,5-7年,本科
"五险一金
员工旅游
交通补贴
餐饮补贴
通讯补贴",Python开发工程师(J13789),13000,武汉,2年,本科
"python
计算机
软件工程
数据结构算法
餐饮补贴
绩效奖金
五险一金
补充医疗保险
股票期权",AI人工智能开发工程师（Python）,18200,武汉,3-4年,本科
"python
mysql
docker
chatGPT
做五休二
五险一金
绩效奖金
专业培训
带薪年假
全勤奖
节日福利
生日聚餐
季度聚餐
公司旅游",Python开发工程师,15600,上海,3-4年,本科
"redis
sql
开发
svn
git
软件开发
django
ai
flask
python
五险一金
出国机会
年终奖金
弹性工作
定期体检",Python后端工程师,13000,南京,3-4年,本科
"计算机
mysql
oracle
linux
项目管理
postgresql
数据库开发
devops
go
运维管理
五险一金
专业培训
弹性工作
定期体检
年终奖金
绩效奖金",Python后台开发工程师,18200,深圳,3-4年,本科
"计算机
软件开发
后端服务
python
五险一金
员工旅游
年终奖金
绩效奖金",Python后台开发工程师,19500,合肥,3-4年,本科
"linux
python
网络编程
网络开发
上位机
工具链
五险一金
交通补贴
餐饮补贴
通讯补贴
定期体检
生日福利
节日福利
弹性工作
13薪/年
团队氛围好",Python开发工程师,26000,北京,3-4年,本科
"python
全栈
框架
数据库优化
Linux
Go
五险一金
补充医疗保险
员工旅游
通讯补贴
年终奖金
弹性工作
定期体检",Python开发工程师,26000,上海,3-4年,本科
"sqlserver
mysql
python编程
带薪年假
节日福利
员工福利
六险一金
周末双休
专业培训
定期体检
餐饮补贴
交通补贴",Python软件开发工程师,7800,哈尔,3-4年,本科
"项目
flask
python开发
python
django框架
五险一金
员工旅游
专业培训
年终奖金",初级python,10400,深圳,2年,本科
"python
算法
机器学习
爬虫
后端开发
tornado
flask
fastapi",Python开发工程师,20800,深圳,3-4年,本科
"五险一金
年终奖金
股票期权
绩效奖金
定期体检",Python开发工程师,11700,武汉,3-4年,本科
"五险一金
餐饮补贴
绩效奖金
年终奖金
员工旅游
定期体检
免费班车
通讯补贴",Python软件工程师,13000,广州,3-4年,本科
"五险一金
绩效奖金
节日福利
专业培训
定期团建",Python开发工程师,10400,青岛,3-4年,本科
"Odoo
python编程
五险一金
节日福利",Python开发工程师,13000,深圳,3-4年,本科
"五险一金
定期体检
员工旅游
节日礼金",Python爬虫工程师,16900,深圳,3-4年,本科
"python
五险一金
员工旅游
专业培训
定期体检
餐饮补贴
年终奖金",Python开发工程师(J10095),16900,上海,3-4年,大专
"计算机
java
mysql
数据库
测试
redis
svn
c++
git
客户沟通
五险一金
弹性工作
餐饮补贴
周末双休",Python全栈工程师,9100,长沙,1年,本科
"五险一金
交通补贴
餐饮补贴
专业培训
绩效奖金
年终奖金
定期体检",Python算法开发工程师,10400,北京,1年,本科
"计算机
电子
linux
英语
文档编写
代码编写
docker
大数据
hadoop
Python
五险一金
补充医疗保险
弹性工作
专业培训
出国机会
定期体检
年终奖金",大数据平台开发（Python）,19500,北京,3-4年,硕士
"java
mysql
sql
调优
go
数据存储
python
爬虫
pgsql
问题分析
五险一金
弹性工作
环境好氛围好
双休，",Python爬虫工程师,19500,杭州,2年,本科
"软件开发
软件工程师
Java
Python
五险一金
定期体检",Java/Python开发工程师,15600,上海,2年,本科
"java
mysql
jquery
linux
css
html
c++
git
js
c#
五险一金
餐饮补贴
定期体检
年终奖金",Python开发工程师,10400,北京,1年,大专
"vue
python
web前端开发
react
微应用API
全栈开发
专业培训
五险一金
补充医疗保险",python Web开发工程师,19500,上海,1年,本科
"计算机
mysql
数据库
linux
需求分析
redis
git
通信
方案设计
软件
五险一金
交通补贴
餐饮补贴
专业培训
绩效奖金
年终奖金
定期体检",Python开发工程师,23400,深圳,3-4年,本科
"五险一金
补充医疗保险
定期体检
专业培训
绩效奖金
年终奖金",Python研发工程师(J10097),19500,苏州,2年,本科
"git
docker
django
python
五险一金
专业培训
年终奖金",后端开发工程师（Python）,20800,广州,5-7年,本科
"微服务架构
vue
react
python
web开发
专业培训
五险一金
补充医疗保险",python web软件开发工程师,13000,上海,1年,本科
"计算机
linux
需求分析
sql
git
mysql数据库
运维
shell
selenium
需求文档编写
国企平台
办公环境好
五险一金",Python开发工程师,10400,佛山,2年,大专
"计算机
数据库
redis
mongodb
postgresql
django
做五休二
五险一金
专业培训",Python工程师（Tornado/Django）,29899,大连,2年,本科
"计算机
mysql
oracle
数据库
linux
django
flask
后端框架
python编程
容器技术
专业培训
定期体检
五险一金",中高级Python开发/双休,18200,广州,3-4年,本科
"计算机
mysql
linux
需求分析
redis
sql
推广
金融
sqlserver
产品开发
通讯补贴
餐饮补贴
员工旅游
交通补贴
免费班车
年终奖金",Python-RPA开发工程师,16900,深圳,3-4年,本科
"python
自动化
脚本
C
英文
RTL
五险一金
补充医疗保险
员工旅游
年终奖金
弹性工作
定期体检",Python Automation Engineer 自动化开发工程师,19500,上海,3-4年,本科
"python
软件开发
软件工程师
开发工程师
工程师
绩效奖金
年终奖金
弹性工作
专业培训
五险一金
出国机会
股票期权",python量化开发工程师,13000,上海,5-7年,本科
"计算机
数据库
项目开发
go
python
运维开发
后端开发
javascript
专业培训
定期体检
五险一金",Python/周末双休,18200,广州,3-4年,本科
五险一金,"Python,数据分析,机器学习建模",19500,苏州,2年,本科
,python实习生可转正,5200,大连,无需经验,大专
"java
mysql
oracle
sqlserver
c#
数据结构
数据库设计
项目开发
odoo
Python
五险一金
补充医疗保险
员工旅游
餐饮补贴
绩效奖金
年终奖金
定期体检",Python开发工程师,15600,上海,2年,本科
"计算机
mysql
数据库
linux
调试
sqlserver
自动化
c++
git
postman
五险一金
免费工作餐
年终奖金
5天8小时
加班费",Python工程师,7800,昆山,1年,本科
五险一金,"Python,机器学习建模,数据分析",19500,北京,2年,本科
"Python
架构师
java
高可用性
软件开发
五险一金
绩效奖金
员工旅游",高级软件工程师（Python）,15600,深圳,5-7年,本科
"python
软件开发
软件工程师
开发工程师
django
五险一金
股票期权
绩效奖金",Python开发工程师,19500,上海,2年,大专
"计算机
项目开发
五险一金
交通补贴
餐饮补贴
通讯补贴
绩效奖金
年终奖金
定期体检",Python工程师,13000,上海,1年,本科
"python
软件开发
开发
爬取
编程语言
五险一金
专业培训
绩效奖金
餐饮补贴",python开发工程师（双休）,9100,广州,2年,大专
"rpa开发
五险一金",Python/RPA工程师,9100,深圳,2年,大专
"五险一金
补充医疗保险
员工旅游
年终奖金
定期体检
绩效奖金
餐饮补贴",Python开发工程师-福州,10400,福州,1年,本科
"c++
数学
编程语言
python
五险一金
交通补贴
餐饮补贴
绩效奖金
年终奖金
定期体检
通讯补贴
专业培训",C/C++/Python开发工程师,19500,北京,3-4年,本科
"flask
爬虫
django",Python数据工程师,6500,青岛,1年,本科
"Python
五险一金
绩效奖金
弹性工作
员工旅游
节日福利
带薪年假
周末双休",开发工程师（Python）,11700,上海,1年,本科
"五险一金
员工旅游
定期体检
餐饮补贴
年终奖金",中级Python开发工程师,14300,杭州,3-4年,本科
"python
数据库
linux
django
sql
flask
redis
爬虫
Java
web
五险一金
补充医疗保险
补充公积金
通讯补贴
年终奖金
餐饮补贴
绩效奖金
定期体检
弹性工作
专业培训",Python开发工程师,10400,北京,1年,大专
"Python
机器学习
算法
做五休二
绩效奖金
节日福利
专业培训",Python开发工程师,13000,珠海,1年,大专
"软件开发
五险一金
弹性工作",高级Python开发工程师,26000,上海,5-7年,本科
五险一金,"机器学习建模,Python,数据分析",19500,上海,2年,本科
"五险一金
周末双休
带薪年假
专业培训
绩效奖金
团队聚餐
员工旅游",Python开发高级工程师,10400,佛山,5-7年,大专
"python
数据库
linux
五险一金
员工旅游
周末双休
法定节假日
定期体检
节日福利
年终奖
高温补贴
全勤奖
团建",Python数据工程师,6500,青岛,1年,本科
五险一金,Python软件架构设计,19500,上海,无需经验,本科
"python
自动化测试
五险一金
绩效奖金",Python（开发/测试）,13000,深圳,1年,本科
"python
爬虫
django
flask
数据库
sql
员工旅游
定期体检
年终奖金
补充医疗保险
专业培训
五险一金
交通补贴
免费班车
通讯补贴
弹性工作",Python开发工程师(欧美自研项目）,15600,沈阳,1年,大专
"excel
sql
开发
git
selenium
英语四级
pandas
版本控制
代码注释
团队开发
六险一金",Python_Cl000004,19500,成都,3-4年,本科
"RPA
python
五险一金",Python/RPA开发工程师,7800,南昌,1年,大专
"python
数据库
Debug
Mysql
Oracle
Web开发
带薪年假
五险一金
商业保险
年终奖金
绩效奖金",Python开发工程师,10400,武汉,1年,大专
"蓝牙耳机
python
带薪年假
五险一金
绩效奖金
全勤奖
节日福利
餐饮补贴
项目奖
年终奖
免费培训",Python自动化工程师,10400,东莞,2年,大专
"软件工程师
软件开发
python
爬虫
开发
开发工程师
工程师
专业培训
做五休二",Python上位机开发高级工程师（苏州佳铭）,10400,昆山,3-4年,本科
"java
mysql
jquery
linux
css
html
c++
git
c#
pythonweb
五险一金
年终奖金
绩效奖金
餐饮补贴
定期体检",Python开发工程师,15600,北京,1年,大专
五险一金,Python软件架构设计,19500,苏州,无需经验,本科
"shell
Openstack
python
Oracle
PostgresQL
核心组件代码
架构师
软件工程师
微服务架构
五险一金
交通补贴
餐饮补贴
股票期权
弹性工作",Python开发工程师（OpenStack云计算方向）,15600,杭州,3-4年,本科
"java
html
pythonweb
web前端
django
php
restapi
bootstrap
员工旅游
专业培训
五险一金
餐饮补贴
定期体检
弹性工作",Python工程师,11700,北京,1年,大专
"爬虫
redis
数据库
python
linux
django
sql
go
员工旅游
定期体检
年终奖金
绩效奖金
补充医疗保险
专业培训
五险一金",Python开发工程师(欧美自研项目）,19500,大连,1年,大专
"计算机
sql
软件工程
数据仓库
fa
ta
python
带薪年假
五险一金
节日福利",Python数据开发-证券基金,15600,深圳,3-4年,本科
"编码
数据结构
系统设计
服务端研发
系统架构
编码习惯
算法
技术方案
五险一金
绩效奖金
提供住宿
周末双休",Python开发--双休不加班,7800,青岛,无需经验,大专
"Python
五险一金
节日礼物
定期体检
绩效奖金
年终奖金
员工旅游
交通补贴
补充医疗保险",Python开发工程师,9100,哈尔,1年,大专
"计算机
编程
架构优化
五险一金
周末双休
包三餐
年终奖金
专业培训
带薪年假",Python开发工程师,6500,昆明,1年,本科
五险一金,Python软件架构设计,19500,北京,无需经验,本科
"python
五险一金
补充商业保险
通讯补贴
证券休市假
生日福利
节日礼物
过节礼金
定期体检
免费食堂
绩效奖金",Python,9100,北京,无需经验,大专
"java
oracle
财务
python
五险一金
旅游
补助
津贴
专业培训
年终奖金
弹性工作",Python开发工程师上九下六,9100,天津,1年,本科
"五险一金
绩效奖金
定期体检
免费班车
餐饮补贴
年终奖金",嵌入式软件架构师（Python/Java/Go语言方向）(J12396),26000,广州,3-4年,本科
"python
数据分析
英语读写
系统框架
报表系统
五险一金",Python数据工程师,10400,南京,3-4年,本科
"python
django
mysql
jquery
html
git
前端
redis
github
celery
五险一金
专业培训
在家上班",Python Django 后端开发工程师,15600,广州,3-4年,大专
"java
oracle
财务
python
五险一金
旅游
补助
津贴
专业培训
年终奖金
弹性工作",Python开发工程师（RPA方向）,9100,天津,1年,本科
五险一金,"机器学习建模,Python,数据分析",19500,苏州,无需经验,本科
"五险
餐饮补贴
带薪年假
交通补贴
通讯补贴
提供住宿",量化交易python开发工程师,7800,武汉,1年,本科
"数据挖掘
数据分析
数据处理
Data
AI
算法
语音
文本
Python
BI
五险一金
补充医疗保险
员工旅游
交通补贴
餐饮补贴
通讯补贴
专业培训
定期体检
弹性工作
年终奖金",Data Analyst Manager/数据分析经理（python/AI）,32500,大连,5-7年,大专
"计算机
mysql
oracle
数据库
linux
redis
django
五险一金
弹性工作
补充公积金
绩效奖金
年终奖金",Python后端开发（全额公积金）,22100,上海,3-4年,本科
五险一金,IT数字化项目管理(精通Python)-流程改善,13000,苏州,2年,本科
五险一金,Python数据开发工程师,15600,上海,3-4年,本科
"java
c++
js
数据结构
编程语言
算法
go
python
节假日福利
社保
绩效奖金
五险一金
补充医疗保险
免费班车
交通补贴
年终奖金
餐饮补贴
通讯补贴",软件开发（JS、Java、Python、C/C++等）,16900,西安,1年,本科
"开发
研发
tornado
python
五险一金
周末双休
节日福利",Python后台Web开发工程师,10400,西安,3-4年,大专
"python
软件开发
软件工程师
周末双休
带薪年假
五险一金
绩效奖金
包住宿
包三餐",Python开发工程师,10400,东莞,1年,大专
"python
java
爬取
五险一金
员工旅游
绩效奖金
年终奖金
周末双休
弹性工作
带薪年假
全勤奖
节日福利
专业培训",爬虫开发工程师（python方向）,22100,深圳,1年,本科
"linux
pandas
django
flask
numpy
爬虫
部署生产环境
模拟器
rpa
vue
带薪年假
年终奖金
定期体检
餐饮补贴
五险一金
补充医疗保险",Python工程师(J10563),14300,上海,1年,本科
"五险一金
餐饮补贴
专业培训
绩效奖金",Python全栈工程师,26000,南京,5-7年,本科
"编码
数据结构
系统设计
服务端研发
系统架构
编码习惯
算法
技术方案
五险一金
绩效奖金
提供住宿
周末双休",Python开发--双休不加班,7800,青岛,无需经验,大专
"汽车
c++
自动驾驶
python
格式转化
提供住宿
补充医疗保险
免费班车
弹性工作
五险一金",Python c++ 开发工程师,13000,上海,无需经验,本科
"五险一金
包吃
包住宿
绩效奖金
全勤奖
定期体检
节日福利
补充公积金",Python/Django Web开发工程师,7800,深圳,1年,大专
五险一金,"机器学习建模,Python,数据分析",19500,北京,无需经验,本科
"python
爬虫
五险一金
员工旅游
绩效奖金
定期体检
免费茶点
周末双休
带薪年假
节日福利",初级PYTHON开发工程师,7800,佛山,1年,大专
"Python开发
Python
后端
应届生
五险一金
年终奖金
定期体检
下午茶
全勤奖金
实习证明",Python初级开发,6500,成都,1年,大专
"五险一金
餐饮补贴
通讯补贴
员工旅游
绩效奖金
年终奖金
交通补贴",Python嵌入式软件工程师,19500,上海,2年,本科
五险一金,"机器学习建模,Python,数据分析",13000,上海,无需经验,本科
"python
数据分析
英语读写
系统框架
报表系统
五险一金",Python数据工程师（双休）,10400,南京,3-4年,本科
"员工旅游
五险",Python 软件工程师,9100,深圳,1年,大专
"python
django
sql
数据库
全栈
前后端开发
angular
react
员工旅游
定期体检
年终奖金
绩效奖金
补充医疗保险
专业培训
五险一金",全栈开发工程师(Python+vue/react/angular）,19500,大连,3-4年,大专
"补充医疗保险
定期体检
七险一金
带薪年假
带薪病假
免费健身",中级智驾python测试工程师-13817,13000,上海,3-4年,本科
"java
c#
c++
php
python
开发
计算机
软件
软件功能模块
理科
社保
节日福利
弹性工作
绩效奖金
专业培训
年终奖金",PHP/JAVA/Python助理工程师兼职,26000,武汉,2年,大专
"计算机
java
c++
php
理工
数据库管理
人形机器人
python
餐饮补贴
通讯补贴
专业培训
绩效奖金
年终奖金
交通补贴
五险",Python、java 机器人程序开发,9100,杭州,无需经验,本科
"计算机
大数据行业
数据分析
数据采集
开发测试
五险一金
员工旅游
绩效奖金
专业培训
交通补贴
餐饮补贴
年终奖金
定期体检",Python数据开发工程师,7800,青岛,无需经验,大专
"linux
numpy
adas
gl
cv
五险一金
绩效奖金
年终奖金
定期体检
专业培训",python中级开发工程师,11700,苏州,2年,本科
"linux
docker
英语读写
深度学习
结果分析
技术调研
数据准备
大数据处理
模型训练
口语交流
补充医疗保险
弹性工作
定期体检
专业培训
员工旅游
五险一金",初级python,9750,西安,1年,本科
"Python
五险一金
节日礼物
定期体检
绩效奖金
年终奖金
员工旅游
交通补贴
补充医疗保险",Python开发工程师,8840,哈尔,无需经验,大专
"python
五险一金
交通补贴
餐饮补贴
通讯补贴",Python后台开发工程师,9100,武汉,2年,本科
"java
系统架构设计
爬虫
rpa
多线程
缓存
分布式系统
函数式编程
周末双休
专业培训
绩效奖金
节日福利
六险一金
年底奖金
带薪年假
年度体检
股票期权
定期体检",Java/Python架构师,36400,南京,8-9年,本科
"串口
python
ui制作
tcp
linux
windows
多线程
ui
gpio
自动化设备
五险一金
定期体检
双休
年终奖
补充医疗保险
护理假
育儿假等
工龄奖
职位津贴
生日会",python-UI软件开发,11700,苏州,2年,大专
"补充医疗保险
定期体检
七险一金
带薪年假
带薪病假
免费健身",高级开发工程师（Python/Java）-6831,26000,上海,5-7年,本科
"计算机
大数据行业
数据分析
数据采集
开发测试
五险一金
员工旅游
绩效奖金
专业培训
交通补贴
餐饮补贴
年终奖金
定期体检",Python数据开发工程师,7800,青岛,无需经验,大专
"数据结构
数学
功能设计
gis
编程语言
模块开发
pandas
运筹学
numpy
产品需求分析
五险一金
定期体检
双休
带薪年假",Python开发工程师,10400,广州,3-4年,本科
"计算机
开发
调试
编程
研发
结构设计
数学
docker
多线程
ai
五险一金
定期体检
弹性工作
专业培训",Python开发工程师,16900,苏州,3-4年,本科
"pandas
python
数据仓库搭建
机器学习算法
五险一金
年终奖金
绩效奖金",Python开发工程师,15600,成都,3-4年,本科
"python
开发框架
设计文档
开发
服务架构
需求评审
产品维护
仿真
工业软件
五险一金
补充医疗保险
餐饮补贴
专业培训
绩效奖金
年终奖金
定期体检",Python,13000,上海,5-7年,大专
"机器学习
python
sql
MySQL
五险一金
节假福利
双休",Python开发工程师,18200,上海,3-4年,大专
"python
五险一金
包食宿
免费班车
年终奖金
定期体检
专业培训",Python（GPT）开发人员,11700,东莞,3-4年,大专
,Python开发工程师,19500,宁波,5-7年,大专
"mysql
数据分析
sql
数据仓库
数据集市
数仓
统计分析报表
数据汇聚
存储
python
五险一金
餐饮补贴
出差补助",Python数据分析工程师,7800,广州,1年,大专
"五险一金
员工旅游
交通补贴
定期体检
年终奖金",Python开发实习生,6500,贵阳,1年,大专
"C++;
python;
软件工程师;
C;
Linux
;ARM
五险一金
专业培训
股票期权
员工旅游
定期体检
餐饮补贴
周末双休
弹性工作
节日福利
丰富的下午茶",c/c++/python软件工程师,13000,济南,1年,本科
"数据分析
编程
解决方案
技术指导
人工智能
机器学习
项目规划
深度学习
计算机科学
算法设计
五险一金
补充公积金
员工旅游
绩效奖金
年终奖金
弹性工作
定期体检
专业培训
餐饮补贴
通讯补贴",python智能工程师,13000,深圳,无需经验,本科
"软件开发
数据库
代码编写
代码设计
代码
编程
程序员
Python
管培生
技术管培生
五险一金
补充医疗保险
员工旅游
交通补贴
通讯补贴
专业培训
定期体检
年终奖金
带薪年假
餐饮补贴",Python技术管培生,6890,中山,无需经验,
"python
深度学习建模
五险一金
周末双休
带薪年假
员工旅游
定期体检",Python开发工程师(005866),16900,广州,5-7年,本科
"Python
开发
五险一金
节假福利
双休",Python开发工程师,13000,上海,2年,本科
"python
五险一金
交通补贴
年终奖金
免费工作餐",Python开发工程师,9100,成都,3-4年,本科
"python
数据库
linux
五险一金
餐饮补贴
绩效奖金
年终奖金",Python后端开发工程师,13000,广州,2年,本科
"人工智能
python
餐饮补贴
绩效奖金
五险
员工旅游",Python工程师-人工智能方向,10400,东莞,无需经验,本科
"python
spark
五险一金
专业培训
绩效奖金
定期体检",Python数据开发工程师,15600,广州,1年,本科
"软件开发
数据库
代码编写
代码设计
代码
编码
程序员
Python
管培生
技术管培生
五险一金
补充医疗保险
员工旅游
交通补贴
通讯补贴
专业培训
定期体检
年终奖金
带薪年假
餐饮补贴",Python技术管培生,6890,中山,无需经验,
"python
开发工程师
开发
软件开发
工程师
五险一金
年终奖金
定期体检
员工旅游
专业培训",Python开发工程师,13000,上海,2年,本科
"五险一金
免费班车
餐饮补贴",软件开发工程师（Python）,26000,西安,3-4年,大专
"五险一金
年终奖金
绩效奖金
股票期权
专业培训
餐饮补贴",python+机器学习,19500,广州,3-4年,本科
"周末双休
带薪年假
五险一金
绩效奖金
定期体检
补充医疗保险",Python开发工程师,10400,北京,2年,本科
"django
python
大数据开发
五险一金
专业培训
通讯补贴
加班补贴
交通补贴
绩效奖金",Python开发工程师,10400,南昌,3-4年,大专
"c++
web
数据结构
设计模式
多线程
计算机软件
vscode
项目
开发工具
人机交互
五险一金
餐饮补贴
年终奖金",Python,9100,中山,3-4年,本科
"年终奖金
五险一金",Python开发工程师,13000,北京,3-4年,大专
"数据库
mongodb
系统开发
django
接口开发
redis
linux
http
Cython
网络安全
五险一金
交通补贴
餐饮补贴
通讯补贴
绩效奖金
股票期权
弹性工作
免费班车",PYTHON高级研发工程师,19500,上海,5-7年,本科
"五险一金
交通补贴
餐饮补贴",存储开发（Python）,19500,成都,2年,本科
"计算机
linux
css
html
前端
编程
js
通信
项目实施
自动化测试
五险一金
员工旅游
年终奖金
弹性工作",Python工程师,23400,深圳,5-7年,本科
"Python
Banking
五险一金
专业培训
带薪年假
双休，",Python Engineer,23400,广州,5-7年,本科
"python
web
后台开发
django
工程师
五险一金
定期体检
专业培训
员工旅游
弹性工作",Python后端开发工程师,15600,上海,3-4年,本科
"计算机
java
电子
linux
c++
通信
软件测试
shell
php
tcp
补充意外险
五险一金
交通补贴
餐饮补贴
通讯补贴",Python软件工程师,14300,东莞,2年,本科
"软件开发
Pyghon开发
java
php
计算机老师
计算机教师
餐饮补贴
通讯补贴
专业培训
绩效奖金
年终奖金
交通补贴
五险",程序开发   Python Java PHP,9100,杭州,无需经验,本科
"python
图像处理
opencv
人工智能
五险一金
餐饮补贴
出国机会
年终奖金
绩效奖金
弹性工作
股票期权",Python开发工程师,19500,上海,5-7年,大专
"mysql
数据库
spring
sql
vue
git
软件工程
react
python
餐饮补贴
专业培训
弹性工作
年终奖金
绩效奖金
员工旅游
五险",Python后端工程师,7800,合肥,1年,本科
"python
五险一金
餐饮补贴
年终奖金
在职培训
专业培训
弹性工作
周末双休
绩效奖金
股票期权",Python软件工程师,19500,杭州,5-7年,本科
"计算机
mysql
开发
编程
web
运维
数据库设计
数学
统计
ai
团队聚餐
专业培训
周末双休
餐饮补贴
定期体检
弹性工作
五险一金",后端开发工程师（Python）,26000,深圳,3-4年,本科
"python代码
web服务器
flask
pyqt5
python
django
postgresql
五险一金
员工旅游
专业培训
节日福利
年终奖金",Python开发工程师,13000,武汉,2年,本科
"python
五险一金
补充医疗保险
年终奖金
交通补贴",Python工程师,19500,上海,3-4年,本科
"flask
python
django
tornado
oracle
mysql
专业培训
年终奖金
股票期权
定期体检
拓展培训
绩效奖金
五险一金",Python开发工程师,13000,深圳,1年,本科
"mysql
linux
测试
redis
软件开发
设计模式
编码
计算机网络
rabbitmq
产品研发
五险一金
免费班车
餐饮补贴
专业培训
绩效奖金
年终奖金
定期体检",Python开发工程师,15600,深圳,3-4年,本科
"五险一金
年终奖金
弹性工作
带薪年假
法定假日
餐饮补贴
定期调薪
商业保险
定期体检",Python软件开发工程师,21666,苏州,5-7年,本科
"测试
需求分析
开发
git
web
etl
英语口语
web开发
计算机科学
技术解决方案
带薪年假
国假双休
节日福利
餐补交补
定期体检
活动经费
儿童福利
六险一金",Python开发工程师,19500,北京,3-4年,本科
"python
linux
http
五险一金
年终奖金
定期体检
弹性工作
交通补贴
餐饮补贴
通讯补贴
员工旅游",Python工程师,13000,北京,3-4年,本科
"自动化测试
selenium
银行项目
python
robotFramew
五险一金
绩效奖金
节日福利
做五休二
员工旅游
定期体检",Python自动化测试（银行）,15600,深圳,5-7年,本科
"mysql
数据库
linux
测试
五险一金
交通补贴
餐饮补贴
通讯补贴
年终奖金
定期体检",Python测试工程师（2024届）,7800,北京,无需经验,本科
"mysql
数据分析
计算机
Elasticsearc
年终奖金
五险一金",Python,13000,北京,3-4年,本科
"python
五险一金
扁平管理
团队气氛佳
福利待遇好
年终奖金",Python开发工程师,15600,深圳,3-4年,大专
"oracle
db2
hadoop
银行
计算机
数据库
sqoop
sql数据查询
金融
Python
五险一金
带薪年假
加班补贴
节日礼品",Python工程师,9100,大连,2年,本科
"python
开发工程师
自动化
软件开发
django
软件工程师
工程师
五险一金
员工旅游
绩效奖金
年终奖金
股票期权
弹性工作",Python软件工程师,13000,杭州,2年,本科
"python
数据采集
计算机
代码质量
web开发
mysql
编程
文档编写
debug
数据库建模
五险一金
员工旅游
交通补贴
餐饮补贴
专业培训
年终奖金
做五休二",Python工程师,13000,武汉,2年,本科
,Python,13000,西安,3-4年,本科
"五险一金
员工旅游
餐饮补贴
年终奖金
定期体检",高级python工程师,19500,北京,5-7年,本科
五险一金,IT数字化项目管理(精通Python)-流程改善,13000,苏州,无需经验,本科
"python
django
日语
五险一金
出国机会",对日python开发,13000,上海,无需经验,
"数据抓取
数据爬虫
mysql
redis
django
flask
mongo
性能优化
tornado
绩效奖金
包住宿
节日福利
五险",Python工程师（爬虫方向）,7800,深圳,1年,大专
"mysql
jquery
linux
redis
vue
数据结构
性能测试
react
设计模式
rabbitmq
五险一金
年终奖金
员工旅游
定期体检",Python高级开发工程师,19500,成都,3-4年,本科
"机器学习
django
flask
fastapi
自然语言处理
ai算法
python
算法
深度学习
nlp
五险一金
员工旅游
交通补贴
餐饮补贴
通讯补贴
专业培训
绩效奖金
年终奖金
定期体检",Python开发工程师,13000,武汉,3-4年,硕士
"python
软件开发
网络安全
双休
五险一金
绩效激励
年终奖金
餐饮补贴
月绩效奖金",Python开发工程师,11700,长沙,2年,本科
"python
工具链
pyqt5
上位机
can
上位机开发
socket
xml
第三方库
os
五险一金
员工旅游
周末双休
交通补贴
餐饮补贴
通讯补贴
专业培训",Python研发工程师,13000,广州,5-7年,大专
"web
python
vue
angular
react
全栈
五险一金
补充医疗保险
年终奖金
定期体检
出国机会
员工旅游
专业培训
通讯补贴
餐饮补贴
交通补贴",全栈开发工程师（python+前端）,19500,上海,2年,大专
"python
c#
java
前端开发
编程语言
vue
react
代码开发
产品落地
五险一金
补充医疗保险
员工旅游
交通补贴
专业培训
定期体检
弹性工作
绩效奖金
餐饮补贴
周末双休",全栈工程师/Python全栈工程师,19500,深圳,无需经验,大专
"多线程
socket
django
python
五险一金
出国机会",对日python中级工程师,13000,深圳,无需经验,
"计算机
mysql
测试
css
html
javascript
开发
前端
git
单元测试
五险一金",Python工程师,23400,广州,5-7年,本科
"数据分析
python
电商平台销售
sql
五险一金
补充公积金
员工旅游
绩效奖金
年终奖金
弹性工作
定期体检
专业培训
餐饮补贴
通讯补贴",Python数据分析师,13000,深圳,无需经验,本科
"强化学习算法
五险一金
补充医疗保险
补充公积金
年终奖金
餐饮补贴
专业培训
绩效奖金
定期体检",Python工程师,15600,北京,3-4年,本科
"python
五险一金
定期体检
弹性工作",Python开发工程师,14300,武汉,3-4年,本科
"计算机
it行业
五险一金
定期体检
餐饮补贴
专业培训",Python开发工程师（可实习）,5200,大连,无需经验,大专
"python
数据库
带薪年假
五险一金
餐饮补贴
年终奖金",Python后端开发工程师,15600,苏州,3-4年,硕士
"python
flask
金融科技
软件开发
金融工程
五险一金
14薪
绩效奖金
专业培训
发展空间广阔",Python开发工程师,13000,上海,3-4年,本科
"ci/cd
运维开发
saltstack
游戏行业
Ansible
五险一金
补充公积金
交通补贴
员工旅游
年终奖金",运维开发工程师(Python),19500,广州,3-4年,本科
"计算机
五险一金
交通补贴
餐饮补贴
通讯补贴
专业培训
绩效奖金
年终奖金",Python自动化测试工程师,7800,青岛,无需经验,本科
"python
金融行业开发
数据报表
五险一金
节假福利
双休",Python开发工程师,13000,上海,3-4年,本科
"带薪年假
五险一金
包住宿
年终双薪
公司分红
加班补贴
餐饮补贴",Python后端开发工程师,13000,苏州,2年,硕士
"补充医疗保险
绩效奖金
定期体检
专业培训
餐饮补贴",Python后端开发工程师,13000,武汉,2年,本科
"python
fastapi
django
redis
docker
web
restful
后端开发
网络安全
flask
五险一金
年终奖金
弹性工作
定期体检
交通补贴
餐饮补贴",Python开发工程师,15600,上海,2年,本科
"python工程师
matlab工程师
做五休二
弹性工作
带薪年假
加班补贴
餐饮补贴
全勤奖
绩效奖金
网络居家办公",诚聘matlab和python技术工程师,19500,北京,2年,本科
"python
制造业
五险一金
餐饮补贴
专业培训
绩效奖金",Python工程师,23400,广州,5-7年,本科
"mysql
数据库
数据分析
linux
redis
shell
docker
jenkins
中间件
微服务
五险一金
免费班车
餐饮补贴",Python开发工程师m,23400,北京,5-7年,本科
"mysql
数据库
数据分析
excel
sql
word
sqlserver
自动化
office
软件开发
周末双休
专业培训
加班补贴
六险一金
年底双薪
四大
五百强外企",Python自动化开发工程师,9100,成都,1年,本科
"java
大数据平台
数据存储
计算分析
scale
python",Python数据开发工程师,19500,北京,3-4年,本科
"交通补贴
餐饮补贴
通讯补贴",高级开发工程师（Python后端）,19500,重庆,3-4年,本科
"五险一金
专业培训
餐饮补贴
绩效奖金
年终奖金",python后端开发工程师,9100,成都,1年,本科
"绩效奖金
员工旅游
五险
餐饮补贴
年终奖金
股权奖金
每年加薪
软件开发奖金","C#,Python,JAVA开发软件工程师",9100,温州,1年,本科
"python
软件开发
django
员工旅游
专业培训
年终奖金
股票期权
弹性工作
定期体检
五险
拓展培训
绩效奖金",Python开发工程师,13000,南京,3-4年,本科
"SAS
R
Python
SQL
五险一金
交通补贴
餐饮补贴
通讯补贴
专业培训
绩效奖金
年终奖金
股票期权
员工旅游
定期体检",数据分析师（SAS/R/Python）,13000,北京,1年,本科
"测试程序
程序开发
通讯
python
电子产品测试
测试设备维护
自动化
五险一金
带薪年假
节日福利
绩效奖金
年终奖金",Python自动化测试工程师,9100,深圳,2年,本科
"mysql
数据库
机器学习
人工智能
五险一金
年终奖金
周末双休
绩效奖金
全勤奖
节日福利",Python开发工程师,13000,北京,3-4年,本科
"mysql
数据库
redis
sql
自动化
git
软件工程
代码编写
计算机网络
统计
专业培训
年终奖金
股票期权
定期体检
拓展培训
绩效奖金
五险一金",Python工程师,19500,南京,3-4年,本科
"学习计划
编程
学情跟踪
python
学习建议
五险一金
补充医疗保险
餐饮补贴
交通补贴
员工旅游
专业培训
弹性工作
定期体检",python少儿编程辅导老师双休包餐,9100,郑州,无需经验,本科
"计算机
git
matlab
技术沟通
开源项目
图形界面开发
python
补充医疗保险
免费班车
专业培训
绩效奖金
年终奖金
弹性工作
定期体检
节日福利
六险一金",Python开发工程师,13000,苏州,2年,本科
"计算机
mysql
oracle
五险一金
年终奖金
专业培训
定期体检
员工旅游
餐饮补贴
员工宿舍
企业年金",Python研发工程师,12870,常州,无需经验,本科
"五险一金
绩效奖金
年终奖金
专业培训
周末双休
新兴科技
节日福利
生日福利",python后端开发工程师,19500,成都,3-4年,本科
"计算机
linux
sql
编程
报表
spark
爬虫
数据抓取
抽数
员工旅游
补充医疗保险
周末双休
弹性工作
节日福利",Python开发工程师,13000,广州,2年,大专
"计算机软件
机器学习
算法
数据库
多线程
go
云服务
Python
React
五险一金
定期体检
年终奖金
周末双休
餐饮补贴",Python工程师,15600,宁波,1年,本科
"五险一金
专业培训
弹性工作
年终奖金
绩效奖金
定期体检
餐饮补贴
节日礼物
员工旅游
发展空间大",软件开发工程师（上位机，QT，C++/Python）,19500,上海,3-4年,本科
"计算机
数据分析
数学
tensorflow
算法模型
特征工程
sklearn
分析挖掘
算法设计优化
统计学
五险一金
专业培训
绩效奖金",Python算法工程师,13000,哈尔,3-4年,本科
"计算机
sql
建模
编码习惯
数据模型
用户分层
数据算法
数据模型开发
性能问题
python
五险一金
定期体检
团建活动
通讯补贴
餐饮补贴",Python开发工程师,11700,南京,2年,本科
"周末双休
带薪年假
五险一金",Python开发,19500,成都,3-4年,本科
"弹性工作
五险一金",初级Python脚本开发,5200,西安,无需经验,大专
"五险一金
弹性工作
绩效奖金
定期体检",Python开发工程师,15600,苏州,2年,本科
"计算机
数据分析
linux
数据结构
项目开发
web开发
vscode
英语阅读
项目
pandas
五险一金
绩效奖金",Python,18200,北京,5-7年,本科
"java
数据库
c++
编程
网络
shell
数学
统计
编程语言
建模
员工旅游
年终奖金
节日福利
带薪培训",Python开发工程师,19500,北京,无需经验,本科
"培训
计算机
mysql
数据库
redis
项目开发
网络设备
perl
开发语言
设计文档
五险一金
补充医疗保险
餐饮补贴
通讯补贴
定期体检
绩效奖金
生日福利
节日福利",zy3109-Go/Python开发工程师,13000,南京,2年,本科
"信网
python爬虫
函数
python
五险一金
员工旅游
专业培训
年终奖金",初中级python,13000,南京,2年,本科
,Python Developer,15600,北京,1年,本科
"五险一金
补充公积金
员工旅游
通讯补贴
专业培训
出国机会
绩效奖金
弹性工作",python开发工程师,13000,深圳,1年,本科
"python
爬虫
软件开发
五险一金
补充医疗保险
员工旅游
交通补贴
餐饮补贴
专业培训
绩效奖金
年终奖金
定期体检
员工体检",Python开发工程师,15600,广州,3-4年,本科
"linux
c++
编程语言
系统架构
深度学习
gcc
算法开发
系统稳定性
五险一金
定期体检
交通补贴
员工宿舍",高级系统工程师（C++、python混合架构）,39000,深圳,5-7年,本科
"java
编程
shell
后端开发
绘图
技术文档
django
pandas
flask
numpy",python开发工程师,16900,北京,3-4年,本科
"计算机
linux
c++
功能测试
bug
shell
二次开发
项目规划
设计文档
接口文档
五险一金
员工旅游
专业培训
绩效奖金
定期体检
免费班车",Python开发工程师,19500,深圳,3-4年,本科
"教学
计算机
数据分析
excel
授课
教学方法
数学
软件
课程辅导
数据挖掘
五险一金
年终奖金
16天带薪年假
专业培训
定期体检
节日福利",python高级讲师,15600,广州,3-4年,大专
"python
五险一金
定期体检
员工旅游
专业培训
补充医疗保险",Python开发工程师,15600,合肥,无需经验,本科
"培训
java
linux
javascript
英语
c++
云计算
计算机科学
sql数据库
pandas
五险一金
周末双休
通讯补贴
专业培训
年终奖金
员工活动",Python开发工程师,10400,南京,3-4年,本科
"Appium
自动化测试
python
selenuim
五险一金
补充医疗保险
定期体检
做五休二
周末双休
带薪年假
节日福利
免费班车",自动化测试工程师（Python）,13000,上海,5-7年,本科
"python
教学
讲师
授课
五险一金
年终奖金
16天带薪年假
专业培训
定期体检
节日福利",Python培训讲师,10400,广州,3-4年,大专
"redis
开发
react
docker
ai
人工智能
django
demo
前端界面
编码风格
五险一金
员工旅游
交通补贴
通讯补贴
年终奖金
专业培训",Python开发工程师,19500,北京,3-4年,本科
"计算机
管理
数据库
数据分析
sql数据库
可视化
数据提取
数据查询
逻辑设计
处理数据
五险一金
员工旅游
通讯补贴
年终奖金
定期体检
弹性工作
专业培训",Python工程师,13000,江苏,2年,大专
"python
算法
机器学习
爬虫
后端开发
tornado
flask
fastapi",Python开发工程师,20800,西安,3-4年,本科
"五险一金
免费班车
餐饮补贴
通讯补贴
专业培训
绩效奖金
年终奖金",Python高级开发工程师,23400,深圳,5-7年,本科
"Python
flask
SQLite
SQLServer
数据库
亚马逊
英语
五险一金
专业培训
工作稳定
带薪年假",Python全栈工程师,29899,深圳,3-4年,大专
"python
算法
机器学习
爬虫
后端开发
tornado
flask
fastapi",Python开发工程师,20800,武汉,3-4年,本科
"数据库
需求分析
自动化测试
docker
技术文档
系统架构
Nginx
Python开发
员工旅游
五险一金
绩效奖金
年终奖金",Python开发工程师,15600,广州,2年,本科
"代码
信号源
开发
python
通信
射频
五险一金
定期体检
弹性工作",Python开发,13000,东莞,2年,本科
"计算机
linux
sql
编程
报表
spark
爬虫
数据抓取
抽数
员工旅游
补充医疗保险
周末双休
弹性工作
节日福利",Python开发工程师,14300,广州,2年,大专
"网分
射频产品
生产测试
python
五险一金
员工旅游
定期体检
年终奖金",NPI软件测试工程师Python(J10008),19500,深圳,3-4年,本科
"数据分析
sql
ai
hive
机器学习
pandas
数据清洗
数据挖掘
五险一金
年终奖金
做五休二
免费班车
定期体检
员工旅游",Python开发工程师（AI，数据处理）,26000,上海,5-7年,本科
"python
终端测试
网络协议
ip协议
tcp
五险一金
员工旅游
绩效奖金
年终奖金
弹性工作
定期体检",python测试/python开发,13000,武汉,2年,本科
"通讯补贴
餐饮补贴
双休
外宿补贴",python开发工程师,19500,上海,3-4年,本科
"界面设计
测试工具
Python开发
五险一金
定期体检
专业培训
员工旅游
年终奖金",测试软件开发工程师 Python,13000,深圳,1年,本科
"linux
django
计算机科学
信息技术
flask
aws
python编程
azure
服务器监控
管理服务器
五险一金
员工旅游
专业培训
补充医疗保险
补充公积金
交通补贴
餐饮补贴
通讯补贴
年终奖金
定期体检",python初级开发,15600,成都,3-4年,本科
五险一金,高级Python开发工程师,23400,北京,5-7年,本科
"python
vue
五险一金
补充医疗保险
员工旅游
交通补贴
餐饮补贴
专业培训
绩效奖金
年终奖金
定期体检
员工体检",Python开发工程师,16900,深圳,3-4年,本科
"量化研究员
量化投资
量化程序员",Python策略开发工程师,19500,上海,2年,本科
"五险一金
补充医疗保险
定期体检
专业培训
绩效奖金
年终奖金",Python研发工程师,19500,苏州,2年,本科
"mysql
数据库
数据分析
linux
编程
网络
运维
报表
多线程
金融机构
五险一金
年终奖金
定期体检
股票期权",Python后端开发,19500,上海,3-4年,本科
"python
爬虫
数据采集
数据
VUE
redis
员工旅游
下午茶
五险
餐饮补贴",python爬虫工程师,13000,广州,2年,大专
五险一金,IT数字化项目管理(精通Python)-供应链方向,15600,北京,1年,本科
"shell
linux
编程
开发
python
django
celery
git
数据结构
五险一金
定期体检
员工旅游
节假日福利",高级Python开发工程师,23400,北京,3-4年,本科
"计算机
mysql
oracle
数据库
数据分析
电子
sql
编程
软件工程
数学
五险一金
专业培训
年终奖金
免费班车
员工旅游
交通补贴
餐饮补贴
通讯补贴
定期体检",Python,13000,上海,5-7年,本科
"软件开发
linux
自动化
年终奖金
餐饮补贴
通讯补贴
五险一金
周末双休
股票期权
员工旅游
专业培训",Python开发工程师,15600,上海,3-4年,本科
"计算机
mysql
redis
开发
电子信息
mongodb
解决方案
数据整理
五险一金
餐饮补贴
年终奖金
出国机会",Python工程师,14300,东莞,5-7年,大专
"Python开发
数学
ai
深度学习
年终奖金
定期体检
老板NICE
前景好福利佳
六险一金
带薪年假
带薪温馨假
年度旅游
五天七小时制",python初级开发工程师,13000,深圳,1年,本科
"五险一金
员工旅游
年终奖金
弹性工作
定期体检",Python后台开发工程师,13000,武汉,1年,硕士
"python
gis开发
django
flask
postgis
周末双休
五险
项目提成",Python开发工程师,10400,昆明,1年,大专
"日本留学
java
python
培训
日语
java讲师
C语言
C++
软件开发
培训讲师
弹性工作",C++语言python java编程培训老师教师,15000,上海,2年,大专
"python
丰富提成
五险一金
餐饮补贴
全勤奖
年终奖金
PK奖
年度调薪
专业培训",Python工程师,10400,广州,1年,大专
"计算机
linux
软件开发
五险一金
通讯补贴
餐饮补贴
交通补贴
专业培训
年终奖金",Python开发工程师,11050,上海,2年,本科
"node.js
flask
mqtt
linux
celery
NoSQL
五险一金
补充公积金",Python后端开发工程师,32500,上海,3-4年,本科
"并发
算法训练
数据处理
五险一金
专业培训
绩效奖金
股票期权
文体活动
周末双休",Python工程师,6500,哈尔,无需经验,本科
"项目开发
系统架构
nosql数据库
五险一金
年终奖金",Python开发工程师,18200,苏州,3-4年,本科
"周末双休
补充医疗保险
五险一金
年节福利
专业培训
定期体检
弹性工作",Python工程师,19500,深圳,3-4年,本科
免费早午餐,Python开发工程师,15600,珠海,3-4年,本科
"学习计划
编程
学情跟踪
python
学习建议
五险一金
补充医疗保险
餐饮补贴
交通补贴
员工旅游
专业培训
弹性工作
定期体检",python少儿编程辅导老师/双休,9100,西安,无需经验,本科
"AI
GPT
人工智能
自然语言处理
python开发
周末双休
五险一金
绩效奖金
补充公积金
弹性工作
定期体检
租房补贴",Python开发工程师（AI）,19500,上海,5-7年,本科
"计算机
java
电子
linux
c++
通信
软件测试
shell
php
tcp
五险一金
绩效奖金
餐饮补贴
交通补贴",Python软件工程师,14300,深圳,2年,本科
"Selenium
Scrapy
Feapder
CSS选择器
正则表达式
xpath
做五休二
绩效奖金
节日福利
专业培训",Python爬虫工程师,13000,珠海,3-4年,大专
"web
django
五险一金
年终奖金
弹性工作时间
带薪年假
法定假日
餐饮补贴
定期调薪
商业保险
定期体检",Python后端工程师,21666,苏州,5-7年,本科
"Python
工程师
五险一金
员工旅游
交通补贴
餐饮补贴
通讯补贴
绩效奖金
年终奖金
股票期权
弹性工作
定期体检",Python后端工程师,9100,广州,2年,本科
"python
spark
英语
大数据开发
计算机",Python数据开发工程师,15600,广州,3-4年,本科
"Python
Flask
Architecture
Architect
MongoDB
QWAC
五险一金
出国机会
股票期权
弹性工作
补充医疗保险
员工旅游
年终奖金
定期体检",Python Architect,26000,成都,3-4年,本科
"补充医疗保险
定期体检
七险一金
带薪年假
带薪病假
免费健身",Middle CC CNOM Python Dev.-6888,16900,上海,2年,本科
"周末双休
节日福利
带薪年假
专业培训
七险两金
年终奖金
定期体检
通讯补贴
餐饮补贴
交通补贴",Python开发工程师,13000,成都,2年,本科
"设计
抽取数据
excel宏工具
python代码
开发
五险一金
补充医疗保险
员工旅游
交通补贴
餐饮补贴
年终奖金
定期体检",vba+python+数据库基本操作,19500,上海,5-7年,本科
"补充医疗保险
定期体检
七险一金
带薪年假
带薪病假
免费健身",初/高级Python开发-4377,10400,株洲,3-4年,大专
"大数据
python
年终奖金
过年过节福利
交通补贴
五险一金
专业培训
免费工作餐
员工公寓",高级Python开发工程师,16250,成都,8-9年,本科
"python
软件开发
软件工程师
开发工程师
django
五险一金
股票期权
绩效奖金",Python开发工程师,13000,杭州,2年,大专
"mysql
oracle
数据分析
数据开发
review
python
数据处理
专业培训
定期体检
五险一金",Python开发/双休/数据方向,16900,珠海,3-4年,本科
"python
算法
软件开发
软件工程师
爬虫
专业培训
做五休二",Python算法高级工程师（苏州佳铭）,10400,昆山,3-4年,本科
"计算机
需求分析
http
tcp
ssh
网络协议
ftp
爬虫
udp
网络安全攻防
五险一金
股票期权
餐饮补贴
专业培训
周末双休
做五休二
带薪年假
节日福利
全勤奖
加班补贴",Python开发工程师（台州）,10400,台州,2年,本科
"python
软件开发
软件工程师
开发工程师
django
五险一金
股票期权
绩效奖金",Python开发工程师,13000,北京,2年,大专
"python
后端开发
反爬虫
django
flask
爬虫
数据库
SQL
MySQL
SQLServer
五险一金
定期体检
每年调薪
绩效奖金
健身锻炼
周末双休
节日福利
带薪年假
十三薪
免费午餐",Python开发工程师/后端开发,10400,青岛,3-4年,本科
"python
五险一金
交通补贴
餐饮补贴
年终奖金",Python工程师,6500,武汉,1年,本科
"项目
mongodb
人工智能
web
app
linux
需求分析
内部实现
开发框架
算法框架
五险
***
午餐补贴
员工旅游
年终奖金",Python开发工程师,10400,广州,3-4年,大专
"python
rpa
机器人
软件开发
网页爬虫
c++
java
计算机
开发实施
面谈
周末双休
带薪年假
节日福利",软件开发工程师(python),5200,江门,1年,大专
"python自动化
测试
五险一金",Python自动化测试,16900,北京,8-9年,大专
"python
软件开发
软件工程师
开发工程师
django
五险一金
股票期权
绩效奖金",Python开发工程师,13000,南京,2年,大专
"mysql
数据库
软件开发
软件测试
测试验证
文档撰写
编码实现
python
mssql
asp.netmvc
五险一金
大小周
定期团建
出差补贴
带薪年假
生日假
餐饮补贴
交通补贴
专业培训
下午茶",Python软件开发工程师,10400,中山,2年,大专
"五险一金
补充医疗保险",Python开发工程师,10400,上海,1年,大专
,Python工程师（兼职）,10400,重庆,5-7年,本科
"大数据
python
大数据分析
五险一金
节假福利
双休",Python数据分析工程师,18200,上海,5-7年,大专
"工具开发
python开发
补充医疗保险
定期体检
七险一金
带薪年假
带薪病假
免费健身",高级python开发工程师-14773,10400,株洲,5-7年,本科
"python
软件开发
软件工程师
开发工程师
PHP
MYSQL",Python开发工程师,13000,南京,1年,本科
"python
数据库
linux
弹性工作
定期体检
年终奖金
意外保险
五险一金",Python开发工程师,13000,南京,1年,本科
"软件测试
数据结构
代码编写
自动化测试
机械行业
算法
西门子
技术实现
pyqt5
python
五险一金
免费班车
定期体检
出国机会
年终奖金
绩效奖金
股票期权",Python自动化开发,10400,南通,3-4年,本科
"python
java
mysql
五险一金
定期体检
专业培训",python开发工程师-青岛,14300,青岛,3-4年,本科
"java
数据库
linux",高级开发岗（Python）,19500,上海,5-7年,大专
"计算机
java
英语
技术服务
金融科技
英文文档
金融银行
cet
全英
fintech
六险一金
补充医疗保险
年终奖金
交通补贴
带薪病假
住房补贴",spark大数据开发（Java/Python）,26000,广州,3-4年,本科
Python,高级Python开发工程师（调度方-J321855,23400,无锡,3-4年,本科
"入库
数据提取
网页抓取
爬虫框架
反爬虫
策略优化
爬虫开发
五险一金
年终奖金
绩效奖金
定期体检
专业培训",Python开发工程师,19500,南京,1年,本科
"周末双休
专业培训
社保
生日礼金",Python教员,9100,广州,2年,本科
"python
软件开发
开发工程师
开发
五险一金
员工旅游
定期体检
弹性工作
餐饮补贴
年终奖金
下午茶
节日福利
带薪年假
周末双休",Python高级开发工程师,26000,上海,3-4年,大专
"人工智能
计算机视觉
python编程
plc通信
linux环境
软件解决方案
linux
计算机科学
年终奖金
五险一金
提供食宿",个元科技—Python软件（美资）,26000,深圳,3-4年,本科
"python
研发
数据库设计
五险一金
带薪年假
过节福利",高级Python 内部岗 早九晚六双休 面试简单,19500,深圳,5-7年,大专
"计算机
sql
wms
物流
python
货运
做五休二
周末双休
带薪年假
五险一金
绩效奖金
节日福利
专业培训",IT程序员（SQL&Python）,13000,上海,2年,大专
"五险一金
补充医疗保险
专业培训
弹性工作
定期体检",Planning and Forecasting Python Developer,19500,广州,无需经验,本科
"五险一金
员工旅游
年终奖金
绩效奖金",大数据开发工程师（python）,15600,无锡,2年,本科
"python
软件开发
软件工程师
开发工程师
工程师
开发
eda
五险一金
员工旅游
绩效奖金
年终奖金
股票期权
弹性工作",Python开发工程师,10400,杭州,无需经验,本科
"python
五险一金
专业培训
年终奖金
弹性工作
定期体检
交通补贴
餐饮补贴
补充医疗保险",Python开发工程师,15600,杭州,1年,本科
"python
mongodb
redis
mysql
计算机
django
flask
带薪年假
免费班车
五险二金
定期体检
补充医疗保险",企业信息中心Python开发工程师,13000,深圳,1年,硕士
"五险一金
交通补贴
餐饮补贴
通讯补贴
年终奖金
定期体检",Python开发工程师 (MJ000280),15600,北京,无需经验,本科
"五险一金
员工旅游
交通补贴
餐饮补贴
通讯补贴
绩效奖金
年终奖金
定期体检",Python开发工程师,15600,无锡,1年,本科
"Pipeline
TD
软件工程师
python
C++
软件开发
软件
五险一金
专业培训
出国机会
绩效奖金
年终奖金",软件工程师Python/Linux/C/C++/Pipeline TD工程师,10833,武汉,5-7年,本科
"五险一金
员工旅游
绩效奖金
年终奖金
股票期权
专业培训",Python开发工程师,13000,长沙,3-4年,本科
"五险一金
专业培训
绩效奖金
年终奖金
周末双休
带薪年假",Python程序员,10400,广东,2年,大专
Python,高级Python开发工程师（调度方-J156443,26000,深圳,3-4年,本科
"labview
python
C语言
绩效奖金
年终奖金
五险一金
交通补贴","Labview,Python,C 软件工程师",9100,武汉,3-4年,本科
"Python
图像AI
linux
深度学习框架
深度学习模型
五险一金
周末双休",算法工程师（Python，图像AI）,13000,广州,1年,本科
"开发
代码编写
python
web应用
编程
五险一金
免费班车
餐饮补贴
绩效奖金
年终奖金
定期体检
带薪寒暑假
节假日福利",python开发-web系统编程工程师,7800,长沙,1年,本科
"机器学习
计算机科学
数据预处理
数据集
特征工程
python
自然语言处理
技术支持
数据采集
留学经历
带薪年假
五险一金
绩效奖金
节日福利
专业培训
团队活动
年终奖金
周末双休
包吃
包住宿",Python开发工程师,13000,广州,1年,本科
"微服务架构
容器技术
服务器配置
分布式技术
员工旅游
绩效奖金
定期体检
餐饮补贴
五险一金
年终奖金
通讯补贴
节日福利
周末双休
高温补贴",Python架构师,32500,上海,3-4年,本科
"数据库
项目管理
erp
生产制造
Python
WMS
五险
员工旅游
专业培训
定期体检
提供食宿
年终奖金
公司团建
生日礼品",软件工程师（Python）,13000,佛山,3-4年,大专
"测试
计算机
自动化工程
sql
java
mysql
开发
开发语言
oracle
python
专业培训
定期体检
五险一金",测试开发/接受python转测试,18200,广州,3-4年,本科
"测试
python
开发
css
六险一金
下午茶
周末双休
免费班车
绩效奖金
包餐",Python全栈开发工程师,15600,上海,2年,本科
"python
aws
iOS
测试
日语
软件开发
软件工程师
五险一金
带薪年假
加班补贴
节日礼品",对日软件工程师（Python、iOS）,7800,大连,2年,大专
"python/R
AI
AI智能
tensflow
pytorch
RNN/
LSTM
五险一金
免费班车
绩效奖金
年终奖金
专业培训
餐饮补贴
补充医疗保险
弹性工作
定期体检
员工旅游",AI Engineer（AI工程师）,32500,广州,10年以上,本科
"java
数据库
开发
消息中间件
go
代码重构
工具开发
数据库sql
python
五险一金
双休",java、python、go,13000,深圳,3-4年,大专
"c++
Python
培训机构
编程老师
五险一金
员工旅游
专业培训
绩效奖金
年终奖金
定期体检
弹性工作",编程讲师（c++/python）,9100,广州,1年,大专
,Python教师,10400,武汉,3-4年,本科
"python
golang
后端开发
五险一金
定期体检
绩效奖金
餐饮补贴
提供住宿
节日福利",高级后端工程师,22100,上海,5-7年,本科
"计算机
jquery
linux
css
html
javascript
git
编程
前端开发
web
专业培训
员工旅游
年终奖金
定期体检
社会保险
绩效奖金",Python开发工程师,9100,武汉,1年,大专
"教学
计算机
备课
教研
编程
数学
理工科
课程顾问
数据结构算法
课程开发
五险一金
员工旅游
专业培训
绩效奖金
年终奖金
定期体检
弹性工作",少儿编程老师（python老师）,15600,广州,1年,本科
"c++
深度学习
算法设计
python编程
模型训练
环境开发
语音唤醒
kaldi
模型量化
带薪年假
绩效奖金
全勤奖
节日福利
专业培训
五险一金",AI算法工程师,26000,深圳,3-4年,硕士
"python
c++
pytorch
tensorflow
MXNet
opencv
TensorRT
系统建模
机器学习
深度学习算法
五险一金
绩效奖金
年终奖金
定期体检
通讯补贴
餐饮补贴
专业培训",高级算法工程师,13000,宁波,1年,本科
五险一金,IT数字化项目管理(精通Python)-流程改善,15600,上海,2年,本科
"c#
go
云端
python
单元测试
kubernetes
linux
数据库设计
系统架构设计
javascript
五险一金
周末双休
节日福利
带薪年假
定期体检
员工旅游",Python后端开发工程师,15600,深圳,3-4年,大专
"爬虫
java
数据库
数据解析
网页爬虫
反爬
动态数据
风控
技术研发
mongodb
五险一金
交通补贴
餐饮补贴
通讯补贴
专业培训
绩效奖金
年终奖金
定期体检",python开发工程师(项目经理）,32500,深圳,3-4年,本科
"c++
tensorflow
nlp
算法研发
cv
多模态
推理优化
pytorch
python
五险一金
年终奖金
交通补贴
餐饮补贴
员工旅游
专业培训
定期体检",多模态算法工程师,13000,南昌,1年,本科
"测试
日语
django
python3
flask
开发框架
pytest
五险一金
补充医疗保险
免费班车
出国机会
年终奖金
定期体检",后端python开发工程师,11700,大连,5-7年,本科
"计算机
mysql
数据库
css
html
javascript
开发
前端
编程
前端开发
五险一金
弹性工作",Python开发工程师,14300,武汉,2年,本科
"sql
开发
文档编写
大数据
建模
写作
数据挖掘
数据清洗
效果评估
pandas
五险一金
补充医疗保险
年终奖金
通讯补贴
绩效奖金
定期体检
专业培训
交通补贴",Python数据分析师,19500,上海,5-7年,大专
"mysql
linux
sql
编码习惯
django
代码规范
flask
fastapi
gitflow
开发框架
五险一金
专业培训
绩效奖金
弹性工作",Python后台开发工程师（北京）,16900,北京,3-4年,本科
"爬虫
python
scrape
舆情
抖音
快手
五险一金
绩效奖金
专业培训
节假日福利",Python爬虫工程师,10400,南京,1年,本科
"计算机
mysql
oracle
数据库
linux
测试
redis
软件开发
单元测试
编码
五险一金
员工旅游
绩效奖金
弹性工作
定期体检
节日福利
文体活动",高级Python开发工程师,26000,深圳,8-9年,大专
"2d
python编程
pyqt
qt
五险一金",图形库开发-python方向,13000,武汉,2年,本科
python,Python开发工程师-J908046,19500,深圳,3-4年,本科
五险一金,Python开发工程师（庚坊）,18200,北京,3-4年,本科
"python
测试开发",测试开发-python,18200,上海,2年,本科
"java
requests
mybatis
spring
css
mongodb
xpath
js
html
mysql
五险一金
租房补贴
餐饮补贴
周末双休",Python工程师,13000,南京,2年,本科
"五险一金
餐饮补贴
绩效奖金
年终奖金
定期体检
双休",Python开发工程师,13000,广州,2年,本科
五险一金,自动化网络Python开发工程师,19500,北京,3-4年,本科
"Python
Spark
PySpark
SparkSQL
SQL
12天年假
补充医疗保险
定期体检",Data Engineer,19500,大连,5-7年,本科
"编程
自动化测试
selenium
测试环境
英语读写
测试流程
junit
执行测试
pytest
测试策略
五险一金
补充医疗保险
免费班车
餐饮补贴
绩效奖金
弹性工作
定期体检
专业培训",Python自动化测试,11700,东莞,2年,本科
"python
互联网百强",Python开发工程师,11700,广州,无需经验,
"python
工程师
五险一金
周末双休
股票期权",Python后端工程师+五险一金,26000,北京,3-4年,本科
"测试
软件测试
自动化测试
脚本开发
自动化开发
五险一金
弹性工作
年终奖金",Python自动化测试工程师,13000,武汉,2年,本科
"计算机
数据分析
亚马逊
爬虫
rpa
数据抓取
独立站
爬取
python爬虫
解析入库
五险一金
通讯补贴
专业培训
年终奖金
绩效奖金
员工旅游
定期体检
股票期权
朝九晚六
带薪年假",数据分析/python爬虫,9100,广州,2年,本科
"mysql
redis
docker
kafka
大数据
中间件
hive
spark
算法
hbase
五险一金
补充医疗保险
员工旅游
交通补贴
餐饮补贴
年终奖金
定期体检
弹性工作
专业培训
双休",Python开发（中信入职六险一金）,22100,北京,5-7年,本科
"计算机
开发
软件
人工智能
项目
内部管理系统
python
绩效奖金
年终奖金
弹性工作
餐饮补贴
五险",软件工程师（全栈）,9100,绍兴,3-4年,本科
"python
软件工程师
五险一金
免费班车
员工旅游
交通补贴
专业培训
绩效奖金
年终奖金
定期体检
宿舍",Python全栈工程师,19500,东莞,5-7年,大专
"数据库
数据分析
sql
技术文档
数据开发
统计学原理
机器学习算法
对接需求
模型建设
文稿撰写
弹性工作
餐饮补贴
专业培训
定期体检
通讯补贴",Python数据分析师,13000,福州,3-4年,本科
"节日福利
绩效奖金
员工旅游
工作氛围好
五险
购房福利",Python开发工程师,10400,长沙,1年,本科
"mysql
oracle
数据库
linux
django
flask
后端框架
python编程
容器技术
fastapi
五险一金
员工旅游
专业培训
定期体检
绩效奖金",Python开发（基金，双休）,15600,广州,3-4年,本科
"商机挖掘
数据分析
精准营销
python
excel
sql
带薪年假
绩效奖金
节日福利
交通补贴
五险一金
正式编制
通讯补贴
餐饮补贴
旅游补贴
探亲假",商机管理岗(J12380),32500,杭州,3-4年,本科
"英语工作语言
全栈
前端
后端
java
python
五险一金
补充医疗保险
交通补贴
年终奖金
专业培训
弹性工作
补充公积金
通讯补贴
定期体检",Software Developer 软件开发,26000,上海,5-7年,本科
"基本面研究
股票分析
数学建模
金融工程
数学
编程
python
五险一金
专业培训
绩效奖金
年终奖金",系统化基本面研究员,19500,深圳,1年,硕士
"mysql
数据库
测试
css
html
需求分析
项目管理
redis
前端
编程
五险",python网站开发全栈,22100,成都,3-4年,本科
"五险一金
交通补贴
通讯补贴
年终奖金
提供吃住
绩效奖金
员工旅游
定期体检
专业培训",Python 数据分析师,19500,金华,3-4年,大专
"计算机
linux
自动化
c++
编程
通信
c#
运维
代码编写
fae
五险一金
员工旅游
绩效奖金
年终奖金
定期体检
周末双休",Python工程师（售前技术方向),6500,廊坊,1年,本科
"c++
Python
五险一金
专业培训
定期体检
年终奖金",学而思 编程老师(python/c++),13000,常州,无需经验,本科
"c#
tensorflow
Python
PyTorch
五险一金
餐饮补贴
通讯补贴
专业培训
交通补贴
绩效奖金
年终奖金
弹性工作
定期体检",算法工程师（图像视觉）,22100,无锡,2年,硕士
"数据库
java
Python
R语言
基金
数据分析
五险一金
专业培训
年终奖金",软件工程师,19500,深圳,3-4年,本科
"离线数仓
Spark
Hive
Python
阿里云
12天年假
补充医疗保险
餐饮补贴
定期体检",大数据开发(离线),28600,上海,5-7年,本科
"五险一金
交通补贴
餐饮补贴
通讯补贴
专业培训
出国机会
绩效奖金",高级爬虫工程师,14300,深圳,3-4年,大专
"hadoop
hive
spark
flink
python
java
健康体检
节日福利
社团活动
年终奖金
生日礼物",AI算法工程师(J13082),26000,嘉兴,3-4年,本科
"python
基金
C#
C++
Java
机器学习算法
深度学习算法
五险一金
专业培训
年终奖金",量化研究员,19500,深圳,3-4年,硕士
"Python
后端开发
量化开发
周末双休
五险一金
定期体检
地铁周边
节日福利",量化系统开发工程师,26000,上海,3-4年,本科
"c++
pytorch
yolo
视觉
python
算法设计
五险一金
定期体检
年终奖金",视觉算法工程师,26000,上海,3-4年,本科
"交易策略
数据挖掘
量化风险分析
python
交通补贴
餐饮补贴
通讯补贴
节日福利
五险一金
员工旅游
绩效奖金
年终奖金",量化系统开发工程师,10400,南京,2年,本科
"java
c++
软件工程
算法
后端开发
Python
五险一金
交通补贴
餐饮补贴
员工旅游
年终奖金
节日福利
高温补贴
周末双休
带薪年假",后端/算法开发工程师,9100,南京,3-4年,本科
"管理
测试
sql
自动化
解决方案
成本管理
大数据
数据仓库
机器学习
部署
五险一金
交通补贴
出国机会
专业培训
通讯补贴
餐饮补贴
弹性工作
定期体检
超长年休假",机器学习平台工程师,15600,成都,2年,本科
"python
openstack
云计算
带薪年假
五险一金
绩效奖金
专业培训
年终奖金",BOSS-主机工程师,15600,北京,3-4年,大专
"c++
数学
python编程
生产软件
ate
五险一金
员工旅游
年终奖金
绩效奖金
股票期权
定期体检",装备软件开发,19500,成都,3-4年,本科
"开发
Odoo
python编程
五险一金
节日福利",Odoo开发工程师,13000,深圳,3-4年,本科
"管理
测试
sql
自动化
解决方案
成本管理
大数据
数据仓库
机器学习
部署
五险一金
交通补贴
出国机会
专业培训
通讯补贴
餐饮补贴
弹性工作
定期体检
超长年休假",机器学习平台工程师,15600,宁波,2年,本科
"C++
C#
Python
上位机
五险一金
定期体检
全勤年终奖
绩效奖金
补充医疗险
带薪年假
团队聚餐",软件开发工程师,16250,上海,2年,本科
"c++
VC
Python
java
周末双休
五险一金
包吃
绩效奖金
住房补贴
加班补贴
高温补贴
交通补贴
带薪年假",软件研发工程师,13000,北京,8-9年,本科
"java
linux
电子商务
爬虫开发
手机端抓取
五险一金
员工旅游
专业培训
做五休二
周末双休
带薪年假
生日party
居住证办理
落户办理",爬虫开发工程师,26000,上海,3-4年,本科
"spark
大数据
数据分析
python
五险一金
定期体检",大数据开发工程师,26000,上海,5-7年,本科
"sql
python
亚马逊
五险一金
绩效奖金
节日福利
专业培训
带薪年假
免费停车
加班餐补",数据分析师,10400,上海,1年,本科
"CANoe
车联网
ETFw
python
c++
英文流利
定期体检
六险一金",自动化开发工程师,19500,北京,5-7年,本科
"调试
c++
编程
c#
编程语言
3d视觉
机器人
python
员工旅游
餐饮补贴
弹性工作
绩效奖金
定期体检
专业培训
自由氛围
尖端技术
年终奖金",3D视觉应用开发工程师,13000,上海,3-4年,本科
"linux
银行
shell
hadoop
hive
spark
perl
hivesql
python
五险一金
年终奖金
做五休二",数据开发-西安,16900,西安,3-4年,本科
"数据集
场景库
地图
python
c++
提供住宿
补充医疗保险
免费班车
弹性工作
五险一金",数据集开发工程师,6500,上海,无需经验,本科
"数据分析
数据支持
数据挖掘
sql
python
五险一金
员工旅游
专业培训
餐饮补贴
绩效奖金
年终奖金
定期体检
周末双休",数据分析师（周末双休）,13000,广州,3-4年,本科
"c#
qt
编程语言
开发平台
python
通信
五险一金
年终奖金
员工旅游
专业培训
定期体检",应用软件设计师,19500,广州,3-4年,本科
"项目管理
日语
vue.js
node.js
aws
ruby
python
PL
有转正机会
实习证明
周末双休
专业培训
员工旅游
节日福利
带薪年假
定期体检
年终奖金
补充医疗保险",云服务器开发主管PL,16900,杭州,3-4年,本科
"python
c++
前端开发
计算机
五险一金
节日福利
全勤奖
定期团建
绩效奖金
年终奖金
定期体检
员工食堂
员工宿舍",软件工程师（深圳）,26000,深圳,3-4年,本科
"appium
python
selenium
补充医疗保险
定期体检
七险一金
带薪年假
带薪病假
免费健身",Senior Application Auto Test-17075,19500,上海,5-7年,本科
"CAD
二次开发
c++
c#
python
Solidworks
UG
AutoCAD
中望CAD
五险一金
弹性工作
专业培训
员工旅游
下午茶",CAD软件自动化开发工程师,15600,珠海,3-4年,本科
"爬虫
python
五险一金
交通补贴
餐饮补贴
通讯补贴
专业培训
定期体检",爬虫工程师,21666,广州,3-4年,本科
"python
java
linux
jmeter
五险一金
年终奖金
双休
带薪年假",高级QA WiFi自动化测试工程师,19500,杭州,3-4年,本科
"golang
php
分布式
多线程
python
五险一金
员工旅游
绩效奖金
年终奖金
定期体检
交通补贴
弹性工作
补充医疗保险
专业培训",资深后端开发工程师,19500,上海,3-4年,本科
"CAD
二次开发
c++
c#
python
Solidworks
UG
AutoCAD
中望CAD
五险一金
弹性工作
专业培训
员工旅游
下午茶",CAD软件自动化开发工程师,15600,宁波,3-4年,本科
"人工智能
深度学习
python
年终奖金
绩效奖金
专业培训
老板nice
五险一金
餐饮补贴
周末双休
节日福利",机器学习算法工程师,18200,武汉,3-4年,本科
"python
cc++
五险一金
员工旅游
交通补贴
餐饮补贴
绩效奖金
年终奖金
弹性工作
定期体检",AI算法工程师,39000,上海,5-7年,硕士
"java
javascript
go语言
python
rust
PostgreSQL",Golang开发,13000,北京,1年,本科
"供应链计划
供应链管理
计划
python",Planning Professional （Data Analyst）,20800,天津,5-7年,本科
"自动化软件
plc
python
c#
c++
自动化系统
自动化技术
软件开发
五险一金
餐饮补贴
专业培训
年终奖金
免费住宿
年终分红",自动化软件(电控)工程师,15600,苏州,5-7年,本科
"应用数学
c++
安全防护
算法研究
python
交通补贴
餐饮补贴
五险一金
补充医疗保险
弹性工作
定期体检
通讯补贴
免费班车
补充公积金
专业培训",2024校招-安全算法工程师,23400,北京,无需经验,硕士
"spark
python
数据清洗
价值指标分析
五险一金
绩效奖金
定期体检
周末双休
带薪年假",ETL开发工程师,22100,上海,3-4年,本科
"python
软件
韧体
分位
工程师",上位机开发工程师,16900,上海,3-4年,本科
"python
c++
传感器
tensorflow
五险一金
绩效奖金
通讯补贴
交通补贴
定期体检
专业培训
优秀员工奖",AI算法工程师,17333,郑州,3-4年,本科
"python
爬虫
五险一金
专业培训
绩效奖金
年终奖金
弹性工作
定期体检
带薪年假
生日礼金
节假日礼金",数据采集工程师,10400,重庆,2年,本科
"计算机
少儿教育
编程语言
计算机编程
python
c++
员工旅游
专业培训
绩效奖金",少儿编程教师,9100,武汉,1年,本科
"python
java
C
C++
C#
测试开发
自动化测试
五险一金
定期体检
带薪年假
餐饮补贴",高级自动化测试工程师,26000,深圳,5-7年,本科
"机械
仿真
机械工程
车辆
modelica
fortran
python
c++
多体动力学
五险一金
补充医疗保险
员工旅游
餐饮补贴
年终奖金
定期体检
全勤奖
下午茶",机械建模仿真工程师,23400,深圳,2年,硕士
"计算机
python
numpy
sklearn
pandas
专业培训
五险一金
年终奖金
弹性工作
出差补贴
生日会
周末双休
加班补贴",机械研发工程师（AI模型与算法研究方向）,19500,深圳,3-4年,本科
"python
机器人
c++
7小时，5.5天
带薪年假
绩效奖金
节日福利
专业培训
餐饮补贴
扶持创业
五险一金",算法工程师,14300,东莞,3-4年,本科
"c++
python
matlab
五险一金
餐饮补贴
年终奖金
专业培训",预测算法高级工程师,26000,南京,3-4年,硕士
"python
c++
定期体检
五险一金
年终奖金
专业培训
做五休二
节日福利
绩效奖金",算法工程师,26000,苏州,2年,硕士
"数据分析
sql
金融
风险管理
sas
借款
python
五险一金
补充医疗保险
免费班车
年终奖金
餐饮补贴
专业培训",金融风控工程师,23400,深圳,2年,本科
"mysql
oracle
sql
开发
金融项目
python开发
五险一金
专业培训
年终奖金
上市公司",Java开发工程师,19500,上海,1年,本科
"python
c++
c
算法移植
五险一金
补充医疗保险
员工旅游
股票期权
弹性工作
定期体检
绩效奖金
年终奖金",视觉算法移植开发,19500,杭州,3-4年,本科
"python
ui制作
故障排除
五险一金
交通补贴
餐饮补贴
周末双休
带薪年假
全勤奖
节日福利",软件工程师,7800,常熟,2年,大专
"强化学习
python
五险一金
补充医疗保险
补充公积金
年终奖金
餐饮补贴
专业培训
绩效奖金
定期体检",强化学习算法工程师（base:北京）,26000,北京,3-4年,硕士
"python
c++
C#
halcon
opencv
五险一金
包吃
包住宿
年终奖金
绩效奖金",图像算法工程师,19500,昆山,3-4年,本科
"python
web后台
python开发
服务器上线
六险一金
下午茶
年终奖金
周末双休
餐饮补贴
绩效奖金
免费班车",pyhton后端开发（游戏服务端）,13000,广州,1年,本科
"电气开发
python开发
plc控制器
控制原理
项目进度管理
自动化设备
五险一金
餐饮补贴
专业培训
绩效奖金
年终奖金",资深电气工程师,16900,苏州,2年,硕士
"python
c++
定期体检
五险一金
年终奖金
专业培训
做五休二
节日福利
绩效奖金",算法工程师,39000,苏州,2年,硕士
"python
机器人
c++
五险一金
补充医疗保险
交通补贴
餐饮补贴
通讯补贴
年终奖金
定期体检
带薪年假
管理规范
周末双休",算法工程师（北京）,19500,北京,3-4年,硕士
"python
机器人
c++
五险一金
通讯补贴
年终奖金
绩效奖金
住房补贴
年底双薪
弹性工作
交通补贴
每年多次调薪",视觉软件算法工程师,13000,深圳,3-4年,本科
"http协议
爬虫
网页抓取
网络数据抓取
五险
大小周休息",爬虫工程师,9100,广州,2年,大专
"python
c++
c#
halcon
pyqt
opencv
五险一金
定期体检
年终奖金
专业培训",视觉算法工程师,10400,苏州,2年,硕士
"数据分析
pandas
tensorflow
pytorch
python
五险一金
绩效奖金
年终奖金
专业培训
出国机会
通讯补贴
员工旅游
免费班车
补充医疗保险
补充公积金",算法工程师,18200,深圳,1年,本科
"python
爬取
反爬
爬虫
五险一金
员工旅游
绩效奖金
年终奖金
周末双休
弹性工作
带薪年假
全勤奖
节日福利
专业培训",数据采集工程师,20800,深圳,1年,本科
"python
c#
winform
绩效奖金
五险一金",图像处理开发工程师,19500,上海,3-4年,本科
"python
Matlab
五险一金
免费班车
年终奖金
提供住宿
专业培训
员工旅游",动脉硬化算法工程师,19500,深圳,3-4年,本科
"linux下c
机器人
python
算法
五险一金
周末双休
餐饮补贴
绩效奖金
年终奖金",机器人AI研发工程师,39000,武汉,2年,硕士
"python
c++
tensorflow
传感器
AGV
ARM
五险一金
补充公积金
年终奖金
弹性工作
定期体检
员工旅游",控制算法工程师,15600,武汉,3-4年,本科
"道路模型
lcc
python
c++
五险一金
餐饮补贴
年终奖金
补充医疗保险
通讯补贴",ADAS车道线应用算法工程师(J20224),19500,杭州,2年,硕士
"c++
目标检测
opencv
pytorch
python
五险一金
员工旅游
绩效奖金
专业培训
年终奖金",图像算法工程师,32500,苏州,3-4年,博士
"linux
计算机
爬虫框架
爬虫
五险一金
年终奖金",爬虫工程师,15600,成都,3-4年,大专
"编程
linux
python
C++
做五休二
带薪年假
五险一金
加班补贴
节日福利
餐饮补贴
年度体检
员工旅游
生日福利
全年14薪",应用工程师,6500,常州,2年,本科
"数据可视化
python编程
五险一金
定期体检
专业培训
弹性工作
绩效奖金",数据分析,16900,杭州,3-4年,本科
"opencv
目标检测
python
五险一金
补充公积金
员工旅游
绩效奖金
年终奖金
弹性工作
定期体检
专业培训
餐饮补贴
通讯补贴",智能人脸识别,13000,深圳,1年,本科
"labview
vb
python
五险一金
年终奖金
做五休二
包吃包住
定期体检
员工旅游",测试自动化开发工程师,15600,东莞,3-4年,大专
"数据分析
数据库
python
7小时，5.5天
带薪年假
绩效奖金
节日福利
专业培训
餐饮补贴
扶持创业
五险一金",数据挖掘/建模工程师,10400,东莞,1年,本科
"python
UiPath
VBA
周末双休
五险一金
补充医疗保险
员工旅游
交通补贴
通讯补贴
年终奖金
定期体检",RPA Specialist,10400,长春,2年,本科
"计算机
python
java",测试开发工程师,19500,上海,3-4年,本科
"图像算法
Pytorch
Python
TensorFlow",图像算法工程师,19500,成都,3-4年,硕士
"c++
嵌入式
数据库
python
技术奖金
项目奖金
五险一金
员工旅游
通讯补贴
专业培训
年终奖金
绩效奖金
股票期权
可提供住宿",软件工程师,16250,上海,2年,本科
"计算机
缓存
数据收集整理
爬取
反爬虫
验证码识别
python
爬虫
五险",爬虫工程师,10400,重庆,2年,本科
"数据分析
powerbi
python
免费工作餐",数据分析师,19500,上海,3-4年,本科
"c++
python
场景创建
五险一金
年终奖金
定期体检",软件工程师,23400,上海,3-4年,本科
"计算机
mysql
数据去重
反爬
爬虫
python
linux
oracle数据库
敏感词",爬虫工程师,13000,武汉,2年,本科
"计算机
mysql
linux
redis
kafka
多线程
抓包
信息技术
开发设计
任务调度
五险一金
员工旅游
专业培训
定期体检
餐饮补贴
年终奖金",爬虫工程师(J10099),19500,上海,3-4年,本科
"java
python
机器学习框架
pytorch
年终奖金
弹性工作
六险一金
专业培训
周末双休",全栈开发工程师,20800,广州,3-4年,本科
"Python
Flink
Spark
阿里云
数据架构
12天年假
补充医疗保险
餐饮补贴
定期体检",实时大数据开发,29899,上海,5-7年,本科
"c++
算法设计
英语
Python
五险一金
弹性工作
专业培训
晋升空间
年终奖金
补充医疗保险
定期体检",C++算法 & 开发 工程师,26000,大连,1年,本科
"tensorflow
python
c++
OpenCV
五险一金
补充公积金
年终奖金
弹性工作
定期体检
员工旅游",感知系统调试工程师,14300,武汉,1年,本科
"爬虫抓取
反爬
数据挖掘
爬虫系统
数据库
架构设计
python",高级数据爬虫工程师,13000,武汉,3-4年,本科
"五险一金
免费班车
交通补贴
餐饮补贴
专业培训
年终奖金
定期体检
周末双休
提供宿舍",自然语言处理,26000,成都,无需经验,本科
"python
c++
3D视觉
六险一金
包吃包住
项目奖
专利奖
专业培训
年度旅游
节日福利
团队活动丰富
五天工作制
晋升机会",算法工程师（3D视觉方向）,10400,东莞,1年,本科
"Pandas
NumPy
python
数据分析
SciPy
五险一金
弹性工作
定期体检
年终奖金
周末双休
节日福利
法定年休假",数据分析师,10400,北京,1年,本科
"数据库
linux
css
redis
js
电商
mongodb
入库
理工
供应链
五险一金
绩效奖金
节日福利
水果下午茶
扁平化管理
加班补贴",爬虫工程师/数据采集工程师(本科)(J10585),15600,深圳,3-4年,本科
"数据采集
Python
k8s
docker
五险一金
员工旅游
国际团队
周末双休
弹性上班
下午茶
生日会
不加班",Data Acquisition Engineer,26000,上海,3-4年,本科
"java
数据库
spring
mybatis
dubbo
linux
微服务
redis
五险一金
补充医疗保险
补充公积金
通讯补贴
年终奖金
餐饮补贴
绩效奖金
定期体检
弹性工作
专业培训",机器学习工程师,10400,北京,1年,大专
"python
django
MySQL
Git
五险一金
免费班车
员工旅游
餐饮补贴
专业培训
绩效奖金
年终奖金
定期体检",后端开发工程师,9100,广州,1年,大专
"python
电力
气象
数据
五险一金
年终奖金
绩效奖金
股票期权
弹性工作
工作时间短",算法工程师,23400,北京,无需经验,硕士
"python
shell
芯片手册
linuxkernel
五险一金
员工旅游
专业培训
弹性工作
定期体检",软件工程师(BSP开发),23400,上海,3-4年,本科
"数据采集
数据采集系统
爬虫框架
反爬
五险一金
绩效奖金
交通补贴
专业培训
弹性工作
餐饮补贴",爬虫开发工程师,15600,重庆,5-7年,本科
"python开发
pytest
gui
QT
C++
五险一金
员工旅游
餐饮补贴
年终奖金
弹性工作
定期体检",高级软件开发工程师,26000,上海,3-4年,本科
"visionPro
halcon
python
五险一金
免费班车
通讯补贴
年终奖金
绩效奖金
定期体检
带薪年假
包食宿
节日福利
周末双休",视觉工程师,13000,武汉,3-4年,本科
"linux
python
gcc
shell
java
c++
五险一金
弹性工作
补充医疗保险
免费班车",C++开发工程师,26000,北京,10年以上,本科
"c++
python
周末双休
员工旅游
餐饮补贴
年终奖金
定期体检
五险一金",软件工程师,13000,佛山,1年,硕士
"python
机器人
c++
五险一金
员工旅游
交通补贴
餐饮补贴
绩效奖金
年终奖金
带薪年假
技能培训
岗位晋升
良好团队氛围",算法工程师,20800,上海,3-4年,硕士
"etl
Python
GCP
银行数据
年终奖金
弹性工作
六险一金
专业培训
周末双休",数据开发工程师,22100,广州,5-7年,本科
"计算机
opencv
python
五险一金
餐饮补贴
定期体检
绩效奖金
年终奖金
弹性工作
员工旅游
专业培训
通讯补贴",图像算法工程师(前端一部),10400,天津,无需经验,本科
"hadoop
数据库
数据分析
机器学习
大数据平台
五险一金
年终奖金
绩效奖金
专业培训
股票期权",大数据及 机器学习工程师,19500,苏州,2年,本科
"机器人
大小颗粒
python
五险一金
餐饮补贴
弹性工作
绩效奖金",少儿编程老师,10400,广州,1年,本科
"python
java
linux
sql
五险一金
绩效奖金
节日福利
做五休二
专业培训
员工旅游",自动化测试,14300,深圳,5-7年,大专
"数据分析
python
sql
linux
五险一金
补充公积金
员工旅游
绩效奖金
年终奖金
弹性工作
定期体检
专业培训
餐饮补贴
通讯补贴",数据采集,13000,深圳,1年,本科
"perl
python
半导体器件
五险一金
员工旅游
餐饮补贴
通讯补贴
专业培训
年终奖金
定期体检",器件建模主任工程师(J10664),23400,上海,8-9年,本科
"MySQL
Python
Linux
数据仓库
DW/BI
五险一金
补充医疗保险
补充公积金
交通补贴
通讯补贴
年终奖金
定期体检",数据开发工程师（成都）,11700,成都,2年,本科
"c++
python
五险一金
弹性工作
定期体检
交通补贴
专业培训",后端开发工程师,13000,上海,1年,本科
"c++
halcon
python
机器人
视觉
五险一金
年终奖金
员工旅游
弹性工作",机器视觉工程师,26000,惠州,3-4年,大专
"python
opencv
五险一金
带薪年假
周末双休
包住宿
绩效奖金
节日福利
专业培训",视觉算法工程师（双休+五险一金）,15600,深圳,1年,大专
"做五休二
商业保险
餐饮补贴
补充医疗保险
五险一金
交通补贴",爬虫工程师（六险二金）,13000,南京,2年,本科
"Linux
shell
python
mysql
php
周末双休
绩效奖金
五险一金
带薪年假
定期体检
年终奖金
专业培训
员工旅游
节日福利
包住宿",网站管理工程师,10400,深圳,2年,本科
"c++
linux
java
python
shell
晶圆厂
五险一金
免费班车
专业培训
年终奖金
定期体检
绩效奖金
补充商业险",晶圆厂MES工程师,19500,重庆,5-7年,本科
"架构设计
c++
python
算法
五险一金
通讯补贴
定期体检
年终奖金
周末双休",系统架构师,32500,广州,5-7年,硕士
"sql
网络协议
python框架
弹性工作",运维工程师（外包上海吉联）,13000,上海,2年,大专
"spark
hadoop
hive
Java
python
五险一金
周末双休
餐饮补贴
定期体检",数据开发工程师,19500,广州,1年,本科
"mybatis
dubbo
java
数据库
spring
linux
微服务
redis
web
软件测试
五险一金
补充医疗保险
补充公积金
通讯补贴
餐饮补贴
专业培训
绩效奖金
年终奖金
弹性工作
定期体检",爬虫开发工程师,10400,北京,1年,大专
"python
matlab
算法
五险一金
节日福利
季度团建",通信算法工程师,19500,深圳,1年,本科
"数据库
python
linux
五险一金
绩效奖金
定期体检
补充医疗保险",开发运维工程师,9100,济南,1年,本科
"sql
python
spss
amos
数据库
五险一金
交通补贴
餐饮补贴
专业培训
绩效奖金
年终奖金",质量研究工程师/技术支持工程师,9750,广州,1年,本科
"仿真接口
3D图形
Python
Qt
五险一金
补充医疗保险
员工旅游
交通补贴
绩效奖金
年终奖金
定期体检
餐饮补贴
通讯补贴
专业培训",C++开发工程师,13000,成都,3-4年,本科
"分析市场数据
市场信息收集
数据支持
市场数据
分析市场信息
数据分析
五险",数据爬虫工程师,10400,重庆,2年,本科
"数据分析
bi分析
数据管理
python
五险一金",数据分析师,10400,广州,1年,硕士
"sql
python
数据库
五险一金
定期体检
交通补贴
餐饮补贴
补充医疗保险
绩效奖金
专业培训",编目数据应用与实施  通用物资编目研究部,15600,北京,2年,硕士
"数据库运维
python
oracle
五险一金
定期体检
专业培训",DBA运维工程师-汉口北,13000,武汉,5-7年,本科
"shell
redis
python
五险一金
交通补贴
餐饮补贴
通讯补贴
绩效奖金
年终奖金
带薪年假
住房补贴
体检",高级运维开发工程师,19500,上海,3-4年,本科
"补充医疗保险
定期体检
七险一金
带薪年假
带薪病假
免费健身",初级数据工程师-6321,19500,上海,1年,本科
"java
c#
开发
python
C++
五险一金
年终奖金
定期体检
年节福利",Java开发工程师 （直签岗）,19500,上海,2年,本科
"python
linux
shell
docker
系统运维
五险一金
员工旅游
餐饮补贴
年终奖金
做五休二",高级运维工程师,16900,上海,3-4年,本科
"sql
python
数据库
五险一金
绩效奖金
餐补
通讯补贴
带薪年假
补充医疗保险
定期体检
节日福利",资产管理中心-量化投资部-数据开发工程师G00784,19500,上海,2年,硕士
"补充医疗保险
定期体检
七险一金
带薪年假
带薪病假
免费健身",初级AI 测试部署工程师-8338,19500,上海,1年,本科
"java
incam
perl
python
linux
cam
mi
csh
genesis
年终奖金
定期体检
五险
提供免费食宿
有加班费
绩效奖金",程序维护经理,32500,中山,8-9年,本科
"java
web
it技术支持
web3
数据汇总
管理",web3技术员,5200,成都,2年,本科
"HTML
JavaScript
CSS
PHP
software
SQL
VBA
Python
HPS
五险一金
补充医疗保险
交通补贴
绩效奖金
年终奖金
定期体检
免费班车
员工旅游
商业保险","Software Engineer, HPS",10400,丹东,2年,本科
"下午茶
健身瑜伽
六险一金
股票期权
团队氛围好
晋升空间大
带薪休假
扁平管理
用户过亿
大牛带队",算法工程师-Pangle行业优化（北京）,39000,北京,无需经验,本科
"linux
c++
php
java
Python
五险一金
专业培训
定期体检
员工旅游",Linux C/C++高级软件工程师（松江）,31200,上海,5-7年,本科
"java
python
开发语言
五险一金
补充医疗保险
补充公积金
年终奖金
定期体检",Devops工程师,14300,南京,3-4年,本科
"数据分析
html
sql
vue
前端
机器学习
powerbi
前后端开发
前端界面
计算机视觉
五险一金
带薪年假
节假日福利
专业培训
周末双休
补充医疗保险
定期体检
弹性工作",数据分析与前后端开发,18200,上海,2年,本科
"五险一金
专业培训
绩效奖金
年终奖金
弹性工作
定期体检
带薪年假
生日礼金
节假日礼金",数据采集工程师.数据中台,5200,重庆,1年,本科
"爬虫
架构设计
爬虫开发
爬虫系统
开发
带薪年假
节日福利
社保
餐饮补贴
年终奖金
绩效奖金",爬虫工程师,7800,广州,1年,大专
"python
labview
fpga
c++
linux
嵌入式开发
五险一金
带薪年假
节日福利
朝九晚六",软件工程师,10400,苏州,1年,大专
"五险一金
补充公积金
员工旅游
定期体检
年终奖金
商业医疗保险
弹性工作
绩效奖金
餐饮补贴
健身补贴",数据工程师,15600,上海,1年,本科
"编程
算法
数据支持
数据结构算法
数据抓取
代码习惯
数据采集清洗
网络爬虫
抓取
pyspider
五险一金
员工旅游
专业培训
节日福利
带薪年假",电商爬虫工程师,9100,宁波,1年,本科
"数据分析
数据清洗
数据管理
三维模型
python
数据处理
五险一金
绩效奖金
通讯补贴
年终奖金",数据工程师（元宇宙方向）,19500,北京,1年,本科
爬虫工程师,爬虫工程师,10400,深圳,3-4年,大专
"五险一金
交通补贴
餐饮补贴
通讯补贴
年终奖金
定期体检
弹性工作
员工旅游",RPA开发工程师(J10021),13000,北京,2年,本科
"自动化测试
爬虫架构
scrapy
python
五险一金
交通补贴
餐饮补贴
专业培训
年终奖金
定期体检
员工旅游
全勤奖
节日福利
通讯补贴",软件测试工程师（兼爬虫工作）,10833,宁波,2年,大专
"java
bmc
c++
linux
shell
python
五险一金
餐饮补贴
年终奖金",BMC开发工程师,15600,深圳,1年,本科
"数据分析
提取分析
网络爬虫
绩效奖金
弹性工作
交通补贴",初级爬虫工程师,5200,成都,1年,本科
"python
数据分析
数据库
SQL
五险一金
绩效奖金
交通补贴
专业培训
弹性工作",数据分析经理,26000,上海,5-7年,本科
"redis
shell
员工旅游
专业培训
绩效奖金
年终奖金
定期体检
五险
餐饮补贴",爬虫工程师,15600,成都,3-4年,本科
"c++
python
java
带薪年假
五险一金
包住宿
包吃
免费班车
绩效奖金
节日福利
专业培训
加班补贴",ATE 测试开发专家,39000,上海,10年以上,本科
"计算机
数据库
数据采集
爬虫
反爬虫
python
数据处理
java
爬虫框架
面谈
周末双休
带薪年假
节日福利",数据采集/清洗工程师,5200,江门,1年,大专
"五险一金
交通补贴
通讯补贴
专业培训
绩效奖金
年终奖金
定期体检
弹性工作",大数据开发工程师.非晓,15600,重庆,无需经验,本科
"爬虫
powerbi
tableau
python
sql
五险一金
年终奖金
员工旅游
专业培训
带薪年假
做五休二
周末双休
节日福利
绩效奖金
员工体检",市场数据分析主管,10400,苏州,5-7年,本科
"linux
存储系统
虚拟化系统
python
监控系统部署
五险一金
补充医疗保险
补充公积金
交通补贴
餐饮补贴
通讯补贴
专业培训
出国机会
年终奖金
绩效奖金",Linux系统工程师,15600,上海,5-7年,大专
"rpa
网络爬虫
五险一金
绩效奖金",初级RPA开发工程师,7800,广州,1年,大专
"带薪年假
高温补贴
专业培训
节日福利
包午餐
年底分红
生日礼品",爬虫工程师,15600,重庆,3-4年,大专
"入库
数据采集
采集数据
统计分析数据
结构化
持续运营
采集策略
处理性能
性能优化
五险一金
绩效奖金",数据采集工程师,13000,成都,3-4年,大专
"低代码
自动化
RPA
***本科以上
JavaScript
python
周末双休
五险一金
补充医疗保险
带薪年假
年终奖金
免费班车",500强外企-低代码开发,13000,上海,1年,本科
"数据
数据库
数据处理
五险一金
节日福利
弹性工作
绩效奖金
年终奖金",数据处理工程师,9100,上海,1年,本科
"计算机
java
mysql
linux
redis
调试
js
android
selenium
kafka",爬虫工程师,26000,杭州,3-4年,大专
"mysql
spring
linux
sql
vue
git
react
餐饮补贴
专业培训
弹性工作
年终奖金
绩效奖金
员工旅游
五险",后端开发工程师,9100,合肥,1年,本科
"计算机
调试
c++
方案设计
通讯
opencv
脚本语言
算法设计
迭代优化
ai算法",AI工程师,7279,佛山,1年,大专
"报表
机器学习
grafana
分析工具
图表
kibana
模型训练
报表开发
五险一金
员工旅游
绩效奖金
年终奖金
定期体检",AI数据工程师,13000,上海,1年,本科
"数据分析
BI
Tableau
SQL/NoSQL
Azure
统计学
Python
应用数学
Minitab/SAS
SPSS
五险一金
员工旅游
年终奖金
弹性工作
定期体检
专业培训
节假日福利
股票期权
免费班车
出国机会",Researcher 研究员（数据分析方向）,19500,上海,无需经验,硕士
"爬虫
python
餐饮补贴
专业培训
绩效奖金
年终奖金
五险一金
交通补贴
定期体检
弹性工作
下午茶
健身俱乐部",爬虫开发工程师,14300,杭州,3-4年,本科
"自动化测试
shell
Python
c++
五险一金
补充公积金
补充医疗保险
交通补贴
餐饮补贴
通讯补贴
定期体检
绩效奖金",自动化测试工程师,21666,上海,3-4年,本科
"计算机
测试
开发
自动化
c++
编程
电子信息
技术交流
产品培训
项目维护
五险一金
年终奖金
绩效奖金",算法运维工程师,7800,广州,1年,大专
"pytorch
python
c++
五险一金
员工旅游
绩效奖金
年终奖金
带薪年假",高级NLP算法工程师,26000,武汉,3-4年,本科
"编程
tensorflow
caffe
python
pytorch
c++
五险一金
补充公积金
餐饮补贴
弹性工作
年终奖金
绩效奖金
员工旅游
专业培训",强化学习算法工程师,15600,深圳,2年,本科
"python
pipeline
c++
ncnn
五险一金",AI算法落地工程师,19500,上海,3-4年,本科
,大数据工程师,13000,郑州,3-4年,大专
"java
数据库
数据分析
需求分析
c++
数据库设计
统计分析
医疗健康
生物信息
检测报告
做五休二
五险一金
绩效奖金
专业培训",数据模型岗,19500,深圳,1年,本科
"技术
自动化
数学
软件
电子
互联网
应届生
信息技术
硬件
化学
周末双休
带薪年假
五险一金
包住宿
餐饮补贴
节日福利
绩效奖金
补充医疗保险
定期体检",爬虫技术员/双休/住宿,10400,深圳,1年,大专
"c++
pytorch
tensorflow
python
五险一金
补充医疗保险
员工旅游
股票期权
弹性工作
定期体检
绩效奖金
年终奖金",ISP图像算法工程师,26000,杭州,3-4年,本科
"python
c++
五险一金
补充医疗保险
补充公积金
交通补贴
餐饮补贴
通讯补贴
专业培训
出国机会
年终奖金
绩效奖金",算法工程师,26000,上海,2年,本科
"oracle
python
rpa开发
rpa
Selenium
周末双休",RPA开发工程师 (007594),13000,广州,3-4年,大专
"solidworks
编程
电路设计
电气工程
autocad
python
养老保险
失业，工伤
包吃住
单休",电气工程师,10400,宜春,3-4年,大专
"matlab
sas
spss
python
工程优化
餐饮补贴
专业培训
员工旅游
五险一金
年终奖金",云平台工程师,19500,上海,3-4年,本科
"python
计算机
tensorflow
弹性工作
周末双休
地铁周边
五险一金
定期体检
年终奖金
节日福利",机器学习工程师,19500,成都,3-4年,硕士
"c#
python编程
python
五险一金
定期体检
餐饮补贴
弹性工作
专业培训
五天八小时",测试开发工程师（测试设备）,10400,东莞,2年,大专
"python
c++
TensorFlow
Caffe
PyTorch
OpenCV
五险一金
补充公积金
年终奖金
弹性工作
定期体检
员工旅游",感知算法工程师,19500,武汉,2年,本科
"数据库
数据分析
sql
python
五险一金
绩效奖金
专业培训
定期体检",研究工程师,19500,深圳,2年,本科
"python
计算机
tensorflow
弹性工作
周末双休
地铁周边
五险一金
定期体检
年终奖金
节日福利",机器学习工程师,19500,广州,3-4年,硕士
"python
caffe
pytorch
医疗器械
年终奖金
五险一金
员工旅游
出国机会
定期体检
弹性工作
绩效奖金",高级图像算法工程师,26000,嘉兴,2年,硕士
"python
机器人
c++
五险一金
补充医疗保险
餐饮补贴
通讯补贴
绩效奖金
弹性工作
定期体检
交通补贴",算法工程师,19500,上海,2年,本科
"python
sql
数据分析
五险一金
补充医疗保险
通讯补贴
年终奖金
绩效奖金
定期体检",数据分析师,11700,武汉,2年,本科
"linux
c++
ros
Python
机器人系统
年终奖金
带薪年假
年度调薪
五险一金
包吃包住
利润分红
节日福利
公费旅游
水电补贴
文娱健身",ROS开发工程师,13000,江门,2年,本科
"c++
opencv
python
tensorflow
pytorch
caffe
五险一金
员工旅游
年终奖金
绩效奖金
弹性工作
定期体检
专业培训",图像算法工程师,15600,武汉,3-4年,本科
"机器人
c++
python
视觉
五险一金
定期体检
周末双休
专业培训
年终奖金
餐饮补贴
绩效奖金
通讯补贴",视觉算法工程师,19500,宁波,3-4年,本科
"tensorflow
caffe
keras
PyTorch
OpenAI
ChatGPT
Finetune
AI
Python
五险一金
年终奖金
定期体检
交通补贴
通讯补贴
餐饮补贴
专业培训
绩效奖金
员工旅游
提供食宿",AI负责人,5200,深圳,3-4年,本科
"c++
机器视觉
python
五险一金
餐饮补贴
绩效奖金
定期体检",软件开发工程师（上海）,13000,芜湖,3-4年,本科
"知识图谱
c++
python
五险一金
带薪年假
绩效奖金
专业培训
免费班车
工作餐
免费宿舍",知识图谱工程师,19500,长沙,1年,硕士
"python
机器人
c++
五险一金
补充医疗保险
交通补贴
餐饮补贴
通讯补贴
年终奖金
定期体检
带薪年假
管理规范
周末双休",算法工程师（常州）,13000,常州,3-4年,硕士
"计算机
linux
数学
python
五险一金
交通补贴
餐饮补贴
年终奖金",算法工程师（毕业生）,6500,武汉,无需经验,本科
"odoo
python
五险一金
年终奖金
带薪年假
全勤奖
专业培训
绩效奖金
定期体检
交通补贴",Odoo开发工程师,13000,昆山,2年,大专
"spark
python
五险一金
员工旅游
交通补贴
餐饮补贴
专业培训
绩效奖金
年终奖金
定期体检",Data Engineer（要英文好）,23400,广州,3-4年,本科
"python
五险一金
补充医疗保险
绩效奖金
节日福利
周末双休",Nand Flash分析工程师,19500,深圳,2年,本科
"python
五险一金
年终奖金",后端开发工程师,19500,苏州,3-4年,本科
"java
c++
python
五险一金
员工旅游
通讯补贴
定期体检
专业培训",服务器开发工程师,15600,深圳,2年,本科
"tensorflow
pytorch
python
gpu
五险一金
补充医疗保险
定期体检
节日福利
带薪年假",人工智能系统管理工程师 (MJ000080),15600,杭州,无需经验,硕士
"ERP
python
c++
餐饮补贴
专业培训",财务信息化专家,32500,金华,3-4年,本科
"c++
研发
人工智能
python
绩效奖金
入职购买社保",AI研发初级工程师,13000,广州,1年,本科
"计算机
数据采集
python
五险一金
专业培训
绩效奖金
年终奖金
定期体检
补充医疗保险
餐饮补贴",NLP实习生,5200,上海,无需经验,硕士
"c++
linux
python
图像算法
周末双休
五险一金
弹性工作
带薪年假",图像算法工程师-超视计,19500,广州,1年,本科
"ERP
python
c++
餐饮补贴
专业培训",财务信息化专家,32500,杭州,3-4年,本科
"Python
GoL
五险一金
补充医疗保险
定期体检
员工旅游
绩效奖金
年终奖金
周末双休",Cloud Development Senior Engineer,13000,苏州,3-4年,本科
"c++
电子信息
C语言
Python
开发经验
周末双休
带薪年假
定期体检
年终奖金
专业培训
五险一金
交通补贴
餐饮补贴",嵌入式软件开发工程师,13000,深圳,3-4年,本科
"c++
python
c语言
五险一金
年终奖金
节日福利
绩效奖金",系统技术工程师-遨有信息,10400,上海,2年,本科
"hadoop
java
python
五险一金
年终奖金
通讯补贴",数据开发,22100,广州,3-4年,本科
"java
Python
隐私计算
椭圆曲线",算法开发工程师,19500,无锡,无需经验,硕士
"算法
数据挖掘
python
五险一金
绩效奖金
年终奖金
定期体检",数据挖掘工程师,10400,重庆,1年,硕士
"数据分析
python
sql
做五休二
周末双休
带薪年假
五险一金
绩效奖金
节日福利
专业培训",IT系统分析师,10400,上海,2年,大专
"c++
python
linux
五险一金
年终奖金
定期体检
员工旅游
绩效奖金
带薪年假
包吃
包住宿
周末双休",图像算法工程师（高级）,19500,南通,5-7年,本科
"tensorflow
caffe
keras
PyTorch
OpenAI
ChatGPT
Finetune
AI
Python
五险一金
年终奖金
定期体检
交通补贴
通讯补贴
餐饮补贴
专业培训
绩效奖金
员工旅游
提供食宿",信息部副部长（AI负责人）,5200,深圳,3-4年,本科
"python
kafka
hadoop
银行
flink
年终奖金
五险一金",大数据工程师,10400,重庆,3-4年,本科
"Python
C
C++
Car2x
Ecall
RTM
补充医疗保险
定期体检
七险一金
带薪年假
带薪病假
免费健身",Junior Hil Tester-17530,13000,北京,2年,本科
"C#
C++
Python
建模
带薪年假
五险一金
餐饮补贴
年终奖金",数字制程控制技术工程师,14300,苏州,2年,硕士
"python
五险一金
餐饮补贴
周末双休
绩效奖金",机器视觉算法应用工程师,10400,镇江,3-4年,本科
"matlab
python
通信
算法设计
五险一金
交通补贴
餐饮补贴
通讯补贴
年终奖金
周末双休
带薪年假",算法工程师（信号监测方向）,15600,成都,2年,硕士
"计算机
opencv
python
全额五险一金
餐饮补贴
专业培训
绩效奖金
年终奖金
弹性工作
晋升空间
领导nice
节假日福利",ISP图像算法工程师,26000,苏州,2年,本科
"linux
Python
C
C++
五险一金
补充医疗保险
餐饮补贴
专业培训
绩效奖金
年终奖金
定期体检
员工旅游
免费班车
交通补贴",应用软件设计师(人工智能方向),16900,广州,2年,硕士
"计算机
opencv
python
五险一金
餐饮补贴
绩效奖金
年终奖金",图像算法工程师,15600,广州,1年,本科
"肿瘤项目
perl
python
R
五险一金
年终奖金",生物信息总监,26000,苏州,5-7年,本科
"linux
docker
nodejs
python
云服务器
周末双休
专业培训
节日福利
高温补贴
补充医疗保险
试用期全额
1.5倍加班费
全额公积金
年终奖金",后端开发工程师,10400,杭州,2年,本科
"数据开发
软件
开发
python
java
shell",大数据开发工程师,19500,上海,3-4年,本科
"Python
LabVIEW
五险一金
交通补贴
餐饮补贴
年终奖金",测试开发工程师,19500,深圳,2年,本科
"CANoe
python
OTA
C++
英文流利",车联网测试,19500,北京,3-4年,本科
"计算机
数据采集
操作手册
标注
python爬虫
标准工具
python
包住宿
包吃
餐饮补贴
节日福利
专业培训
五险一金
双休",数据标注工程师,26000,深圳,2年,本科
"python
机器人
c++
linux
JAVA
视觉算法
年终奖金
带薪年假
年度调薪
五险一金
包吃包住
利润分红
节日福利
公费旅游",视觉算法工程师,11700,江门,1年,本科
"下午茶
健身瑜伽
六险一金
团队氛围好
晋升空间大
带薪休假
用户过亿
大牛带队
免费三餐
弹性工作",高级爬虫工程师,32500,杭州,无需经验,本科
"Spark
Java
Python
Scala
SparkSQL
英语
粤语
五险一金
周末双休
餐饮补贴
通讯补贴",大数据开发,19500,广州,5-7年,本科
"c#
python
五险一金
绩效奖金
员工旅游
专业培训
餐饮补贴
年终奖金
股票期权
健身娱乐
节日福利
定期体检",软件开发工程师,39000,昆山,3-4年,本科
"数据库
sql
python
五险一金
节假福利
双休",大数据开发,13000,上海,3-4年,本科
"c++
linux
python
嵌入式
五险一金
交通补贴
餐饮补贴
通讯补贴
定期体检
绩效奖金
年终奖金",软件工程师(J10003),19500,昆山,3-4年,本科
"python
loadrunner
c++
Jmenter
SQL
五险一金
餐饮补贴
通讯补贴
员工旅游
绩效奖金
定期体检",软件性能测试工程师,13000,泰州,3-4年,本科
"c++
python
双休
五险一金
绩效奖金",软件工程师（ATR）,13000,长沙,3-4年,本科
"Labview
c++
python
五险一金
免费班车
员工旅游
年终奖金
定期体检
专业培训
餐饮补贴",测试工程师,15600,武汉,3-4年,本科
"C/C++/C#
python
JS
五险一金
补充医疗保险
餐饮补贴
通讯补贴
绩效奖金",TCMS应用工程师,13000,常州,3-4年,本科
"c++
opencv
图像处理
python
做五休二
五险一金
周末双休
节日福利
年终奖金
专业培训
员工旅游
定期体检",视觉工程师,15600,苏州,3-4年,本科
"数据库
linux
Python
五险一金
员工旅游
年终奖金
弹性工作
定期体检",GiS后端开发工程师,15600,深圳,3-4年,本科
"c++
opencv
python
五险一金
出国机会
员工旅游
年终奖金
交通补贴
餐饮补贴
免费零食",AI图像算法工程师,13000,苏州,1年,本科
"C++、Python
五险一金
员工旅游
节日福利
包三餐
包住宿
交通补贴
绩效奖金
年终奖金
周末双休",操作系统工程师（服务器）,26000,深圳,3-4年,本科
"python
数据库
sql
hive
spark
hadoop
kettle
datastage
sqoop
shell
五险一金
专业培训
员工旅游",ETL工程师（无需经验）,6500,武汉,1年,本科
"计算机
java
html
编程
python
带薪年假
节日福利
五险一金
包吃包住",电脑程序员,10400,惠州,3-4年,本科
"c++
c#
python
opencv
五险一金
餐饮补贴
绩效奖金
补充医疗保险
补充公积金
专业培训
免费住宿",图像算法工程师,19500,广州,1年,硕士
"幼儿园
c++
培训机构
Python
员工旅游
带薪年假
节假日福利
专业培训",乐高编程老师,5200,成都,1年,大专
"python
linux
日语
东京
五险一金
年终奖金
定期体检
员工旅游
补充医疗保险",AWS开发工程师,15600,苏州,2年,大专
"机器学习
深度学习
人工智能
算法
带薪年假
年终奖金
五险一金
专业培训
员工旅游
团建活动",机器学习工程师,24916,上海,1年,本科
"数据库
java
linux
python
交通补贴
餐饮补贴
年终奖金",软件工程师,5200,西安,3-4年,本科
"数字设计
python
eda
spec
五险一金
年终奖金
绩效奖金
补充医疗保险
补充公积金
定期体检",数字芯片设计工程师,26000,深圳,3-4年,本科
"java
c++
c语言
c#
qt
python
编程语言
五险一金
年终奖金
绩效奖金
股票期权
定期体检
带薪年假
出差补贴
节日福利
每年多次调薪
生日福利",工具链软件开发工程师,19500,北京,2年,本科
"测试
python
五险一金
周末双休
带薪年假
员工旅游
定期体检",测试工程师（佛山）(006679),14300,佛山,3-4年,本科
"嵌入式
ADAS
传感器
C语言
C++
python
ROS
专业培训
五险一金
定期体检
年终奖金
餐饮补贴
绩效奖金
免费班车
补充医疗保险
出国机会",驾驶辅助研究软件工程师,18200,武汉,3-4年,本科
"c++
qt
mfc
python",软件工程师,14300,南昌,3-4年,本科
"数据结构
多线程
架构设计
数据采集
网页
python
爬虫平台
数据采集平台
跨境电商
亚马逊平台
带薪年假
五险一金
绩效奖金
节日福利
专业培训
团队活动
年终奖金
周末双休
包吃
包住宿",爬虫工程师,19500,广州,3-4年,大专
"python
机器人
c++",激光雷达点云算法工程师,26000,合肥,1年,硕士
"python
appium
五险一金
周末双休
带薪年假
员工旅游
定期体检
年终奖金",测试工程师(006147),13000,珠海,3-4年,本科
"labview
python
五险一金
定期体检
餐饮补贴
弹性工作
专业培训
五天八小时",自动化软件工程师,10400,东莞,1年,大专
"PTP1588
python
SyncE
五险一金
补充医疗保险
补充公积金
交通补贴
餐饮补贴
通讯补贴
专业培训
弹性工作
年终奖金
带薪年假",Sr Application Engineer,43333,上海,3-4年,本科
"sql
python
数据库
做五休二
弹性工作
带薪年假
五险一金
交通补贴
餐饮补贴
通讯补贴",bi工程师/数据分析师,13000,上海,1年,本科
"python爬虫
五险一金
通讯补贴
餐饮补贴
交通补贴
定期体检
员工旅游",数据标注师,9100,杭州,1年,大专
"RPA
Python
Java
周末双休
带薪年假
五险一金
绩效奖金
节日福利
交通补贴
通讯补贴
高温补贴
补充医疗保险
采暖补贴",Software Engineer 软件工程师,10400,长春,3-4年,本科
"c#
c++
C
Python
餐饮补贴
年终奖金
定期体检
专业培训
绩效奖金
五险一金
股票期权",软件工程师,10400,苏州,1年,本科
"Tableau
Python
Hadoop
带薪年假
绩效奖金
节日福利
出国机会
包吃包住
工作签证
探亲福利
五险一金",数据分析工程师/主管G01021,32500,广州,5-7年,本科
"sql
python
数据库
信息管理
五险一金
员工旅游
年终奖金
绩效奖金
专业培训
通讯补贴",数据分析员,7800,武汉,2年,本科
"网络
openstack
ansible
python
docker
shell
linux
k8s
五险一金
通讯补贴
年终奖金
兴趣小组
双休
午休2小时
餐补
食堂三餐",云计算交付部署工程师,15600,南京,2年,本科
"数据处理
java
python
五险一金
交通补贴
餐饮补贴
通讯补贴
年终奖金
绩效奖金
生日福利
过节福利
加班费",大数据开发工程师,13000,杭州,2年,本科
"sql
python
数据库
五险一金
员工旅游
餐饮补贴
通讯补贴
定期体检
绩效奖金",数据分析岗,7800,温州,1年,本科
"运维开发
java
python
五险一金
员工旅游
年终奖金
绩效奖金
专业培训",运维开发工程师,9100,衢州,2年,本科
"mysql
oracle数据库
反爬
数据去重
爬虫
python
数据采集
建仓",数据采集工程师,13000,武汉,2年,本科
"can
python
c++
canoe
五险一金
专业培训
出国机会
绩效奖金
年终奖金
补充医疗保险
定期体检",系统测试,10400,重庆,2年,本科
"数据采集
五险一金
员工旅游
年终奖金
定期体检",数据采集工程师,10400,上海,1年,本科
"java
python
selenium
自动化测试
五险一金
餐饮补贴
交通补贴
通讯补贴
绩效奖金
年终奖金",自动化测试,28600,广州,5-7年,本科
"hadoop
数据库
数据分析
spark
hive
sql
python
java
BI
数据仓库
五险一金
专业培训
员工旅游",大数据开发工程师（无需经验）,6500,武汉,无需经验,本科
"通信
SomeIP
DoIP
capl
python
TCP/IP
以太网
五险一金
交通补贴
补充医疗保险
定期体检
弹性工作
餐饮补贴",车载以太网通讯资深工程师(J10410),34666,上海,5-7年,本科
"python
iis
软件工程
项目
节日福利
加班补贴",程序设计工程师,6500,常州,1年,大专
"java
Spring
Python
SQL
交通补贴
通讯补贴
定期体检
五险一金
绩效奖金
年终奖金",软件开发工程师,13000,北京,2年,本科
"c++
数据库
python
linux
go",高级软件开发工程师,23400,无锡,3-4年,本科
"c++
linux
python
ros
ros2
五险一金
弹性工作
大牛带队
基本不加班
周末双休
入职五险一金
全额五险一金
车餐住宿补贴",软件工程师,19500,苏州,3-4年,本科
"计算机
数据库
python
年终奖金
五险一金",测试工程师,6500,合肥,2年,本科
"蓝牙
计算机
数据库
python
linux
jmeter
loadrunner
五险一金
专业培训
弹性工作
出国机会
升职空间
交通便利
周末双休",嵌入式软件测试工程师,15600,深圳,3-4年,本科
"c++
Python
weblogic
oracle
linux
生日庆典
包吃
包住宿
全勤奖
节日福利
购买社保
8小时工作制
绩效奖金
项目奖",软件工程师,26000,东莞,3-4年,本科
"mybatis
dubbo
java
数据库
spring
linux
微服务
redis
web
软件测试
五险一金
补充医疗保险
补充公积金
通讯补贴
餐饮补贴
专业培训
绩效奖金
年终奖金
弹性工作
定期体检",爬虫开发工程师,10400,张家,1年,大专
"python
linux
windows
shell
sql
五险一金
员工旅游
交通补贴
餐饮补贴
通讯补贴
专业培训
绩效奖金
年终奖金
弹性工作
定期体检",运维工程师(5-8k),6500,西安,3-4年,大专
"java
shell
测试
五险一金
补充医疗保险
通讯补贴
交通补贴
定期体检
专业培训
补充养老保险
食堂
绩效奖金
年终奖金",大数据测试工程师（征信公司）,13000,南昌,3-4年,本科
"linux
c++
python
周末双休
节日福利
补充医疗保险
定期体检
五险一金
弹性工作
年终奖金",软件测试开发工程师,10400,新乡,3-4年,本科
"系统运维
数据库
linux
windows
shell
python
sql
docker
五险一金
餐饮补贴
通讯补贴",软件运维工程师,10400,上海,3-4年,大专
"java
go
python
商城
支付系统
五险一金
餐饮补贴
年终奖金",Java后端开发工程师,26000,武汉,5-7年,本科
"linux
shell
系统运维
docker
python
Debian
五险一金
员工旅游
餐饮补贴
年终奖金
做五休二",系统运维工程师,11700,上海,1年,大专
"Java
Scala
Python
Hadoop
Hive
Spark
五险一金
年终奖金
周末双休
绩效奖金
全勤奖
节日福利",大数据架构师,26000,北京,5-7年,本科
"java
数据库
mybatis
linux
redis
python
c++
spring
五险一金
年终奖金",软件开发技术经理,26000,北京,5-7年,本科
"计算机
数据库
java
python
五险一金
免费班车
专业培训
餐饮补贴
绩效奖金
年终奖金
定期体检",软件测试工程师,7800,徐州,3-4年,本科
"编程
机器学习
数据挖掘
nlp
语音交互
ml
自然语言处理
五险一金
员工旅游
专业培训
弹性工作
定期体检
绩效奖金
年终奖金
补充公积金
补充医疗保险
交通补贴",自然语言处理 30-50K,7800,青岛,无需经验,本科
,自然语言处理开发工程师,39000,北京,无需经验,
"DSP
c++
python
AEC
DOA
五险一金
节日福利
年终奖金
双休
定期体检
员工旅游
包食宿
通讯补贴",DSP软件工程师,19500,广州,3-4年,本科
"Redis
MySQL
C
C++
Golang
Python
五险一金
补充医疗保险
员工旅游
通讯补贴
年终奖金
弹性工作
定期体检",高级服务端开发工程师,19500,上海,3-4年,本科
"ip
芯片后端
cts
tapeout
python
eda
周末双休
五险一金
年终奖金
定期体检
专业培训
员工旅游",数字设计后端工程师（APR方向）,26000,青岛,2年,本科
"maya
绑定
mel
肌肉系统
编写插件
肌肉结构
python",maya动画师,7800,南京,1年,大专
"python
java
linux
jmeter
测试经理
员工旅游
定期体检
年终奖金
绩效奖金
补充医疗保险
专业培训
五险一金",测试经理/Test Manager(欧美方向）,20800,大连,5-7年,大专
"c++
python
嵌入式
数据库
JAVA
五险一金
周末双休
员工旅游
补充医疗保险
年终奖金
绩效奖金
定期体检
弹性工作",C++软件开发工程师,13000,广州,2年,本科
"python
sql
五险一金",客户数据挖掘岗,26000,深圳,2年,本科
"数据库
python
sql
补充医疗保险
五险一金
员工旅游
通讯补贴
餐饮补贴
专业培训
绩效奖金
年终奖金
定期体检",信息化工程师,10400,宁波,2年,本科
"cae仿真
hyperworks
python
tcl
理工科
力学
编程
五险一金
员工旅游
餐饮补贴
年终奖金
股票期权
专业培训
生日聚餐
氛围好
发展空间大",CAE软件高级应用开发（武汉）,16250,武汉,无需经验,大专
"python
算法
五险一金
年终奖金
补充医疗保险
弹性工作
定期体检",算法研究岗,21666,北京,无需经验,硕士
"hil
测试脚本
can
自动化
电子
capl
python
vteststudio
五险一金
补充医疗保险
定期体检
免费班车
年终奖金",嵌入式测试工程师,19500,深圳,3-4年,本科
"python
计算机
人工智能
工业大数据
五险一金
绩效奖金
免费班车
员工旅游
餐饮补贴
年终奖金
定期体检",AI工程师,6500,宁波,1年,本科
"C#
python
sql
ETL
五险一金
补充医疗保险
年终奖金
定期体检",大数据技术支持工程师,13000,无锡,2年,本科
"开发
shell
python
c++
16薪
五险一金
员工旅游
餐饮补贴
住房补贴
绩效奖金
年终奖金",QA仿真,9100,苏州,2年,本科
"python
linux
C
周末双休
带薪年假
五险一金
节日福利
补充医疗保险
年终奖金
定期体检
专业培训",Linux C developer,33800,上海,5-7年,本科
"c++
python
RTOS
五险一金
免费班车
员工旅游
绩效奖金
年终奖金
定期体检
节日福利
带薪年假",嵌入式软件工程师（系统及驱动方向） (MJ000303),26000,深圳,3-4年,本科
"计算机
数据库
python
周末双休
五险一金
节日福利
餐饮补贴
员工旅游
定期体检
带薪年假",资深测试工程师,19500,无锡,3-4年,本科
"c++
python
数据处理
遥感卫星定标
定位算法
五险一金
补充医疗保险
定期体检
餐饮补贴
专业培训
年终奖金
通讯补贴
绩效奖金
企业年金",Web端开发工程师--数据分析方向（中级）,10400,北京,1年,本科
"五险一金
员工旅游
餐饮补贴
年终奖金
定期体检",开发运维工程师,11700,上海,1年,本科
"linux
c++
python",初级软件开发工程师,6500,无锡,1年,大专
"java
vue
springboot
mybatis
ssh
ibatis
mysql
sringmvc
Idea
python
五险一金
定期体检
团建活动
通讯补贴
餐饮补贴",Java开发工程师,10400,南京,1年,本科
"java
selenium
多线程
入库
分布式
数据清洗
爬虫
xpath
正则表达式
scrapy
五险一金",大数据爬虫工程师（奇医天下）,13000,深圳,3-4年,大专
"python
linux
spring
java
五险一金
员工旅游
餐饮补贴
绩效奖金",运维开发,15600,深圳,3-4年,大专
"python
机器人
c++
五险一金
定期体检
专业培训
通讯补贴
补充公积金
补充医疗保险",传感器工程师（惯性导航方向）,19500,上海,3-4年,硕士
"数据采集
爬虫
app
清洗
python
五险
绩效奖金",数据采集工程师,9100,广州,1年,大专
"web
javascript
linux
unix
python
五险一金
补充医疗保险
定期体检
餐饮补贴
专业培训
年终奖金
通讯补贴
绩效奖金
企业年金",Web端开发工程师（初级）,13000,北京,1年,本科
"计算机
数据库
python
五险一金
员工旅游
餐饮补贴
专业培训
绩效奖金
年终奖金
周末双休",可靠性测试工程师,9100,宁波,3-4年,本科
"c++
java
python
五险一金
餐饮补贴
弹性工作
免费班车
年终奖金",IT程序设计高级工程师,22100,东莞,8-9年,本科
"Java
Python
五险一金
餐饮补贴
绩效奖金
快速发展空间
通讯补贴",后台开发工程师,13000,杭州,1年,本科
"vc
python
嵌入式linux
五险一金
年终奖金
定期体检
绩效奖金",嵌入式软件开发工程师,26000,合肥,3-4年,本科
"补充医疗保险
定期体检
七险一金
带薪年假
带薪病假
免费健身",初级数据标注专员-10753,7800,北京,1年,本科
"自动化
mysql
c#
电子
数据库
计算机
五险一金
年终奖金
补充公积金
通讯补贴
餐饮补贴
绩效奖金
定期体检
交通补贴
专业培训",软件开发和数据库工程师,26000,上海,1年,硕士
"matlab
信号处理
Python
五险一金
餐饮补贴
专业培训
年终奖金
定期体检
补充医疗保险
商业保险",阵列信号处理工程师,32500,成都,3-4年,本科
"c++
Python
linux
五险一金
补充公积金
补充医疗保险
交通补贴
餐饮补贴
通讯补贴
绩效奖金
弹性工作
定期体检
股票期权",嵌入式高级软件工程师(B4670),26000,上海,5-7年,硕士
"Python
C#
C++
.Net
五险一金
补充医疗保险
员工旅游
年终奖金
定期体检
通讯补贴
弹性工作
专业培训",Software Develop Engineer软件开发工程师,26000,苏州,5-7年,本科
"计算机
mysql
vue
redis
电子信息
数据整理
mongodb
解决方案
python
五险一金
餐饮补贴
弹性工作
免费班车
年终奖金",ptyhon工程师,15600,东莞,5-7年,大专
"数据库
python
linux
带薪年假
国假双休
节日福利
餐补交补
定期体检
活动经费
儿童福利
六险一金
年终奖金
专业培训",Linux邮件系统开发管理,19500,北京,1年,本科
"绩效奖金
通讯补贴
周末双休
五险一金
年终奖金
弹性工作",数据爬虫工程师,6500,武汉,2年,本科
"linux
xss
python
五险一金
绩效奖金
全勤奖
带薪年假
节日福利
定期体检
补充医疗保险",安全产品开发工程师,10400,北京,无需经验,本科
"java
hadoop
python
五险一金
交通补贴
餐饮补贴
年终奖金
专业培训",ETL工程师,9100,北京,无需经验,本科
"linux
python
pc
计算机
五险一金
员工旅游
定期体检
餐饮补贴
专业培训",功能测试工程师,7800,昆山,3-4年,大专
"数据库
测试
rpa
uibot
python
应用开发
维护
进度计划
五险一金
专业培训
弹性工作
有转正机会
实习证明
节日福利",rpa工程师,13000,广州,2年,本科
"app
android
算法
机器学习
深度学习
风险识别
hook
反爬
反爬虫
识别模型",(ID90M0121688) 反爬虫安全专家,4500,广州,5-7年,本科
"c++
python
cad
五险一金
年终奖金
绩效奖金
餐饮补贴
周末双休
带薪年假
节日福利
员工体检",Qt高级开发工程师,26000,武汉,3-4年,本科
"后端
开发
Java
Python
HTML5
CSS3
SQL
系统
软件
绩效奖金
年终奖金
五险一金
补充公积金
专业培训",开发岗,6500,惠州,1年,大专
"python
五险一金",IT数字化项目管理-供应链项目,13000,苏州,2年,本科
"C#
Java
Python
SQLServer
netcode
五险一金
餐饮补贴
住房补贴
节日福利
高温补贴
加班补贴
包住宿",物联网软件开发工程师,13000,杭州,3-4年,本科
"嵌入式
c++
fpga
python
软件
五险一金
补充医疗保险
员工旅游
股票期权
弹性工作
定期体检
绩效奖金
年终奖金",嵌入式软件开发工程师,26000,北京,5-7年,本科
"数据库
linux
windows
python
sql",软件产品运维工程师,7800,杭州,1年,大专
"数据挖掘
数据分析师
大数据
分析
数据开发
数据库开发
五险一金
员工旅游
绩效奖金
年终奖金
专业培训
餐饮补贴",数据采集工程师,7800,长沙,2年,大专
"python
力学
ansys
仿真
五险一金
年终奖金
定期体检
专业培训",仿真工程师,19500,上海,2年,硕士
"数据监控
数据结构
数据爬取
Python
反爬技术
自动爬取
五险一金
节日福利
带薪年假
项目提成
专业培训
餐饮补贴
年终奖金
股票期权
免费班车",爬虫工程师,13000,广州,3-4年,本科
"shell
python
意外保险
周末双休
同事nice",运维工程师,10400,济南,无需经验,
"计算机
数据库
python
五险一金
员工旅游
股票期权
弹性工作
年终奖金
定期体检",PON测试工程师0868,15600,杭州,1年,本科
"五险一金
企业年金
年终奖金
补充医疗保险
交通补贴
餐饮补贴
定期体检
商业保险
专业培训
晋升机制",数据工程师,10400,南京,无需经验,本科
"期权期货
python
vba
五险一金
补充医疗保险
交通补贴
餐饮补贴
通讯补贴
绩效奖金
年终奖金
定期体检",衍生品交易助理,13000,深圳,无需经验,硕士
"计算机
python
jmeter
loadrunner
linux
sql
五险一金
交通补贴
通讯补贴",软件测试,15600,上海,3-4年,本科
"python
数据库
社会保险
周末双休
员工旅游
定期体检
餐饮补贴
节日福利",OEM工程师,9100,佛山,1年,大专
"redis
linux
sql
python
系统运维
数据库
数据分析
windows
五险一金
员工旅游
专业培训
股票期权",IT经理/IT主管,19500,重庆,5-7年,本科
"计算机
数据库
数据分析
redis
五险一金",数据分析师 双休（必须懂爬虫）,10400,广州,2年,本科
"python
通信
脚本编写
五险一金
绩效奖金
餐饮补贴
交通补贴
周末双休
弹性工作",测试工程师-J10340,15600,上海,3-4年,本科
"Python
clouds
SaaS
CI/CD
五险一金
定期体检
专业培训
补充医疗保险
带薪年假
绩效奖金",研发测试工程师 Test Developer,19500,上海,3-4年,本科
"sql
python
tableau
可视化
bi
五险一金
专业培训
年终奖金
弹性工作
定期体检","Revenue Analyst, RMCC APAC",10400,上海,1年,本科
"java
python
五险一金
补充医疗保险
员工旅游
通讯补贴
餐饮补贴
定期体检
年终奖金
绩效奖金
住房补贴
十三薪",Java开发工程师（英语）,13000,上海,2年,本科
"linux
python
shell
系统运维
docker",运维工程师,13000,上海,3-4年,本科
"TWS
Python
五险一金
餐饮补贴
年终奖金
股票期权
弹性工作",软件测试工程师,10400,成都,2年,本科
"测试
canoe
adb
capl
python
五险一金
员工旅游
专业培训
弹性工作
定期体检",测试工程师,13000,上海,2年,本科
"计算机
数据库
python
做五休二
周末双休
带薪年假
五险一金
节日福利",软件测试工程师,9100,常熟,2年,本科
".netcore
爬虫
xpath
正则表达式
Python
httpclient
jSoup
跨境电商
爬取技术分析
爬虫开发
五险
员工旅游
绩效奖金
午休两小时
全勤奖
带薪年假
工龄奖
团建活动
生日福利金
年度旅游活动",中高级爬虫工程师,15600,广州,5-7年,大专
"高级测试
软件测试
python
五险一金
补充公积金
专业培训
弹性工作
定期体检
带薪年假
年终奖金",高级软件测试工程师,19500,上海,3-4年,本科
"软件工程
python
通讯
五险一金
补充医疗保险
餐饮补贴
绩效奖金
年终奖金
定期体检",实习软件项目工程师,45500,广州,1年,本科
"python
java
Cesium
Three.js
ArcGIS
绩效奖金
周末双休
带薪年假
员工旅游
五险",产品架构师,19500,东莞,5-7年,本科
"软件开发
python
树莓派
五险一金
年终奖金
弹性工作",软件工程师,7800,上海,无需经验,本科
"vasp
python
腐蚀防护
带薪年假
周末双休
五险一金
绩效奖金
餐饮补贴",耐蚀合金计算工程师（装备腐蚀仿真技术课题组）,16900,广州,无需经验,硕士
"c++
图像处理
Python
STL
五险一金
定期体检
专业培训",机器视觉软件工程师,10400,深圳,1年,本科
"数据分析
物流
office
数学
统计
bias
python
五险一金
补充医疗保险
餐饮补贴
年终奖金",需求计划专员,7800,上海,无需经验,本科
"计算机
数据库
python
五险一金
绩效奖金
定期体检
补充医疗保险",测试工程师,9100,济南,1年,本科
"单片机
c++
python
年终奖金
定期体检
绩效奖金
教育基金
健康基金",嵌入式软件工程师,16900,深圳,3-4年,大专
"c语言
arm
电子信息工程
python",固件工程师（Firmware Engineer）—研发中心岗位,19500,武汉,1年,本科
"java
mysql
linux
springboot
python
springcloud
sql
sqlite
jvm
五险一金
交通补贴
餐饮补贴
弹性工作
定期体检
年终奖金",中级Java开发工程师,15600,上海,3-4年,本科
"python
SQL
PowerBI
五险一金
免费班车
年终奖金
绩效奖金
专业培训
弹性工作
员工旅游
定期体检
出国机会
节日福利",Process & Data Analysts,13000,沈阳,3-4年,本科
"计算机
数据库
python
年终奖金
五险一金
餐饮补贴
包吃
包住宿
节日福利
加班补贴",测试工程师,13000,杭州,5-7年,本科
"计算机
数据库
python
五险一金
周末双休
早九晚六
补充公积金
员工旅游
绩效奖金
年终奖金
专业培训
弹性工作
定期体检",软件测试工程师6-8K,9100,青岛,无需经验,高中
"solarwinds
Zabbix
shell/python
交通补贴
餐饮补贴
通讯补贴
绩效奖金
年终奖金
定期体检
五险一金
节日福利",IT系统运维工程师,13000,西安,3-4年,本科
"数据库sql
python
数据支持
五险一金
餐饮补贴
年终奖金
绩效奖金
专业培训",IT专员,9100,上海,1年,大专
"计算机
数据库
python
五险一金
餐饮补贴
绩效奖金",软件测试工程师-武汉司门口,13000,武汉,3-4年,本科
"windows
系统运维
python
五险一金
绩效奖金
年终奖金
专业培训
出国机会
通讯补贴
员工旅游
免费班车
补充医疗保险
补充公积金",IT服务器管理员/IT运维工程师（东莞本科）,10400,东莞,2年,本科
"vtd
dspace
autosar
carsim
python
五险一金
员工旅游
专业培训
弹性工作
定期体检",ADAS测试工程师,13000,上海,2年,本科
"c#
运动控制卡
python
五险一金
专业培训
绩效奖金
定期体检
节日福利
通讯补贴",软件设计（上位机）,10400,东莞,1年,本科
"前端
后端
程序员
五险一金
水果奶茶
出国机会
通讯补贴
补充公积金
补充医疗保险
员工旅游
交通补贴
专业培训
绩效奖金",OPEN AI 程序员,13000,广州,1年,大专
"devops
maven
jenkins
k8s
sprintboot
python
做五休二
周末双休
带薪年假
交通补贴
餐饮补贴",软件工程项目经理,19500,苏州,3-4年,大专
"图像三维重建
图像算法
python
五险一金
餐饮补贴
通讯补贴
定期体检
专业培训",软件工程师,10400,重庆,1年,本科
"java
后端开发
python
五险一金
通讯补贴
专业培训
月休8天
加班补贴
绩效奖金
交通补贴",Java高级开发工程师,26000,深圳,5-7年,本科
"Python/Ruby
五险一金
定期体检
免费班车
员工旅游
年终奖金
带薪年假
免费住宿
免费工作餐",高级前端开发工程师,15600,上海,3-4年,本科
"sql
python
数据库
绩效奖金
年终奖金
通讯补贴
交通补贴
员工旅游",数据员,5200,广州,2年,大专
"软件实施
linux
python
MySQL
Docker
CMDB
五险一金
补充医疗保险
补充公积金
交通补贴
通讯补贴
专业培训
绩效奖金
定期体检",软件实施工程师（上海）,15600,上海,2年,本科
"c++
linux
python
五险一金
定期体检
弹性工作
员工旅游",软件测试工程师,9100,上海,无需经验,大专
"java
sql
python
数据库
五险一金
员工旅游
餐饮补贴
绩效奖金
年终奖金
定期体检
周末双休
全勤奖
加班补贴
带薪年假",ERP运维工程师,15600,深圳,3-4年,本科
"Python
大数据
五险一金
年终奖金
补充医疗保险
弹性工作
定期体检",大数据开发工程师,13000,北京,无需经验,硕士
"python
计算机
世界500强
头部客户资源
出国机会
年终奖金
管理规范
五险一金
专业培训",软件测试工程师,9100,深圳,1年,本科
"python
数据库
java
绩效奖金
年终奖金
五险
包吃
节日礼品",测试工程高级经理,19500,昆山,5-7年,本科
"c++
python
java
五险一金
交通补贴
餐饮补贴
通讯补贴
专业培训
定期体检
周末双休
年终奖金",后端研发工程师,10400,合肥,1年,硕士
"射频
测试
Python
C++
定期体检
六险一金
弹性工作
海外团队",射频测试工程师,26000,深圳,3-4年,本科
"python
java
c++
五险一金
绩效奖金
年终奖金
定期体检
员工旅游
壹到拾年终奖
专业培训",测试开发工程师,13000,合肥,无需经验,本科
"Python
C语言
GIS地理信息
专业培训
年终奖金
定期体检
免费班车
五险一金",项目经理（地理信息）,9100,上海,1年,本科
"excel
财务
ppt
powerbi
vba
透视表
初级会计
powerquery
python
餐饮补贴
免费班车
专业培训
年终奖金
五险一金
免费宿舍
食堂
入职年休假",财务实习生,45500,宁波,无需经验,本科
"php开发
mysql
ThinkPHP
C#
Java
Python
五险一金
年终奖金
双休
员工旅游
股票期权
出国机会
加班少
团队氛围好
地铁站附近",PHP开发工程师（跨境ERP/双休/加班少）,14300,深圳,2年,本科
"计算机
数据库
python
员工旅游
出国机会
弹性工作
年终奖金
绩效奖金
五险一金",软件测试（手机/手表/平板功能）,11700,深圳,5-7年,大专
"linux
arm
bootloader
python
五险一金
通讯补贴
定期体检
年终奖金
员工旅游
周末双休",嵌入式软件工程师（BMC方向）,13000,广州,1年,本科
"仿真软件
python
c++
linux
五险一金
餐饮补贴
弹性工作
定期体检",仿真应用工程师（先进制造部）,13000,无锡,1年,本科
"python
PLC
免费班车
加班补贴
住房补贴
五险一金
带薪年假
补充医疗保险
定期体检
年终奖金",电气工程师,13000,合肥,3-4年,本科
"数字前端
python
五险一金
年终奖金
弹性工作时间
带薪年假
法定假日
餐饮补贴
定期调薪
商业保险
定期体检",存储器电路设计工程师,16250,苏州,无需经验,硕士
"Python
数据分析
五险一金
补充医疗保险
交通补贴
通讯补贴",Process & Data Analyst,10400,沈阳,2年,本科
"Labview
Python
CPK
Gerber
做五休二
周末双休
带薪年假
五险一金
包吃
免费班车
节日福利",Electronic engineer supervisor,26000,上海,2年,本科
"做五休二
周末双休
带薪年假
节日福利
专业培训
员工活动
补充医疗保险
免费班车
定期体检
powerbi
python
物流
供应链",物流数据分析专员-外企/福利好,13000,上海,3-4年,本科
"Python
Selenium
五险一金
周末双休
餐饮补贴",自动化测试工程师,14300,成都,3-4年,本科
"python
五险一金
补充医疗保险
补充公积金
交通补贴
餐饮补贴
通讯补贴
年终奖金
弹性工作",Smartification SW Automation Tester (MJ000988),0,上海,5-7年,本科
"测试
Python
五险一金
年终奖金
绩效奖金
股票期权
保密津贴
全勤奖
节日福利
带薪年假
员工旅游
员工慰问津贴",自动化测试工程师,10400,长沙,3-4年,本科
"linux
python
shell
x86
五险一金
专业培训
年终奖金
弹性工作
定期体检
交通补贴
餐饮补贴
补充医疗保险",服务器测试工程师,15600,杭州,1年,本科
"Linux
Python",Sr System Administration Engineer (R3726892),0,北京,5-7年,硕士
"java
Python
五险一金
员工旅游
年终奖金
弹性工作",高级Java研发工程师,20800,武汉,5-7年,本科
"java
python
web
app
五险一金
周末双休
餐饮补贴",资深测试工程师-财务（平安正编）,23400,深圳,8-9年,本科
"python
机器人
c++
五险一金",机器人算法工程师,23400,深圳,1年,本科
"vc
python
嵌入式linux
五险一金
年终奖金
定期体检
绩效奖金",嵌入式软件开发工程师,26000,北京,3-4年,本科
"数据库
python
linux
年终奖金
生日福利
年度调薪
带薪年假
五险
双休",MES运维工程师,7800,东莞,1年,大专
"sql
python
数据库
五险一金
年终奖金
员工旅游
专业培训
绩效奖金
定期体检
周末双休",QC分析员—上海,9100,上海,1年,本科
"sql
python
五险一金
餐饮补贴
绩效奖金
免费班车
员工旅游
专业培训
出国机会
年终奖金
股票期权
定期体检",数据分析专员,9100,苏州,1年,本科
"vc
python
嵌入式linux
五险一金
年终奖金
定期体检
绩效奖金",嵌入式软件开发工程师,26000,深圳,3-4年,本科
"python
hadoop
数据库
五险一金
绩效奖金
年终奖金
餐饮补贴
专业培训",数据专员,45500,昆明,1年,大专
"c++
数学
mysql
python
五险一金
专业培训
绩效奖金
年终奖金",C++开发工程师,13000,北京,1年,本科
"java
spring
数据库
mybatis
linux
c++
redis
python
五险一金
年终奖金",软件开发部经理,26000,北京,5-7年,本科
"数控系统
c++
python
数控机床
五险一金
绩效奖金
通讯补贴
员工旅游
定期体检
年终奖金
餐饮补贴
人才公寓",数控系统开发工程师,13000,宁波,3-4年,本科
"嵌入式
c++
fpga
python
软件
五险一金
补充医疗保险
员工旅游
股票期权
弹性工作
定期体检
绩效奖金
年终奖金",嵌入式软件开发工程师,26000,天津,5-7年,本科
"Python
Flask
Express
Vue
NoSQL
全栈
做五休二
绩效奖金
节日福利
专业培训",全栈工程师,15600,珠海,2年,大专
"数据库
linux
shell
python
docker
k8s
五险一金
员工旅游
弹性工作",应用运维工程师 - 福州,13000,福州,1年,本科
"java
python
信息安全
五险一金
交通补贴
通讯补贴
餐饮补贴
双休",网络安全工程师（渗透）,7800,郑州,2年,本科
"半导体工艺
OPC
Python
五险一金
免费班车
餐饮补贴
定期体检
绩效奖金
岗位晋升
节日礼物
带薪年假
福利年假",OPC资深、主任工程师,32500,广州,5-7年,本科
"UI开发
JAVA
python
java
五险一金
定期体检
员工旅游
周末双休",Java软件工程师,19500,杭州,5-7年,本科
"数据库
linux
python
shell
sql
五险一金
专业培训
年终奖金
定期体检
餐饮补贴
周末双休
带薪年假
节日福利
绩效奖金",系统运维工程师,7800,嘉兴,2年,大专
"java
python
信息安全
五险一金
交通补贴
通讯补贴
餐饮补贴
双休",网络安全工程师（渗透）,9100,郑州,2年,本科
"C#
Python
labview
五险一金
免费班车
餐饮补贴
专业培训
绩效奖金",装备开发工程师（电气）,19500,上海,3-4年,本科
"mysql数据库
linux
shell
k8s
docker
python
五险一金
员工旅游
弹性工作",应用运维工程师—上海,26000,上海,1年,本科
"Zabbix
Elastic
Prometheus
SkyWalking
Grafana
Python
Golang
Docker",监控运维工程师,15600,上海,3-4年,本科
"java
python
Web系统
移动app
五险一金
周末双休
餐饮补贴",测试工程师,15600,深圳,5-7年,本科
"java
数据库
spring
linux
python
五险一金
补充医疗保险
员工旅游
交通补贴
餐饮补贴
通讯补贴
专业培训
绩效奖金
年终奖金
定期体检",高级Java工程师,19500,苏州,8-9年,本科
"数据库
linux
shell
python
docker
K8s
五险一金
员工旅游
弹性工作",应用运维工程师 - 武汉,19500,武汉,1年,本科
